clip_name,clip_path,label
v_BenchPress_g14_c03,/train/BenchPress/v_BenchPress_g14_c03.avi,BenchPress
v_BenchPress_g05_c06,/train/BenchPress/v_BenchPress_g05_c06.avi,BenchPress
v_BenchPress_g21_c03,/train/BenchPress/v_BenchPress_g21_c03.avi,BenchPress
v_BenchPress_g23_c05,/train/BenchPress/v_BenchPress_g23_c05.avi,BenchPress
v_BenchPress_g25_c01,/train/BenchPress/v_BenchPress_g25_c01.avi,BenchPress
v_BenchPress_g03_c04,/train/BenchPress/v_BenchPress_g03_c04.avi,BenchPress
v_BenchPress_g08_c05,/train/BenchPress/v_BenchPress_g08_c05.avi,BenchPress
v_BenchPress_g02_c06,/train/BenchPress/v_BenchPress_g02_c06.avi,BenchPress
v_BenchPress_g24_c03,/train/BenchPress/v_BenchPress_g24_c03.avi,BenchPress
v_BenchPress_g15_c03,/train/BenchPress/v_BenchPress_g15_c03.avi,BenchPress
v_BenchPress_g05_c07,/train/BenchPress/v_BenchPress_g05_c07.avi,BenchPress
v_BenchPress_g10_c03,/train/BenchPress/v_BenchPress_g10_c03.avi,BenchPress
v_BenchPress_g18_c04,/train/BenchPress/v_BenchPress_g18_c04.avi,BenchPress
v_BenchPress_g14_c02,/train/BenchPress/v_BenchPress_g14_c02.avi,BenchPress
v_BenchPress_g25_c07,/train/BenchPress/v_BenchPress_g25_c07.avi,BenchPress
v_BenchPress_g20_c01,/train/BenchPress/v_BenchPress_g20_c01.avi,BenchPress
v_BenchPress_g18_c03,/train/BenchPress/v_BenchPress_g18_c03.avi,BenchPress
v_BenchPress_g11_c01,/train/BenchPress/v_BenchPress_g11_c01.avi,BenchPress
v_BenchPress_g01_c05,/train/BenchPress/v_BenchPress_g01_c05.avi,BenchPress
v_BenchPress_g25_c03,/train/BenchPress/v_BenchPress_g25_c03.avi,BenchPress
v_BenchPress_g10_c01,/train/BenchPress/v_BenchPress_g10_c01.avi,BenchPress
v_BenchPress_g01_c04,/train/BenchPress/v_BenchPress_g01_c04.avi,BenchPress
v_BenchPress_g22_c07,/train/BenchPress/v_BenchPress_g22_c07.avi,BenchPress
v_BenchPress_g09_c07,/train/BenchPress/v_BenchPress_g09_c07.avi,BenchPress
v_BenchPress_g18_c05,/train/BenchPress/v_BenchPress_g18_c05.avi,BenchPress
v_BenchPress_g23_c01,/train/BenchPress/v_BenchPress_g23_c01.avi,BenchPress
v_BenchPress_g05_c01,/train/BenchPress/v_BenchPress_g05_c01.avi,BenchPress
v_BenchPress_g22_c01,/train/BenchPress/v_BenchPress_g22_c01.avi,BenchPress
v_BenchPress_g11_c02,/train/BenchPress/v_BenchPress_g11_c02.avi,BenchPress
v_BenchPress_g13_c01,/train/BenchPress/v_BenchPress_g13_c01.avi,BenchPress
v_BenchPress_g16_c04,/train/BenchPress/v_BenchPress_g16_c04.avi,BenchPress
v_BenchPress_g16_c05,/train/BenchPress/v_BenchPress_g16_c05.avi,BenchPress
v_BenchPress_g25_c05,/train/BenchPress/v_BenchPress_g25_c05.avi,BenchPress
v_BenchPress_g03_c03,/train/BenchPress/v_BenchPress_g03_c03.avi,BenchPress
v_BenchPress_g05_c02,/train/BenchPress/v_BenchPress_g05_c02.avi,BenchPress
v_BenchPress_g11_c03,/train/BenchPress/v_BenchPress_g11_c03.avi,BenchPress
v_BenchPress_g04_c01,/train/BenchPress/v_BenchPress_g04_c01.avi,BenchPress
v_BenchPress_g11_c05,/train/BenchPress/v_BenchPress_g11_c05.avi,BenchPress
v_BenchPress_g18_c02,/train/BenchPress/v_BenchPress_g18_c02.avi,BenchPress
v_BenchPress_g21_c04,/train/BenchPress/v_BenchPress_g21_c04.avi,BenchPress
v_BenchPress_g12_c05,/train/BenchPress/v_BenchPress_g12_c05.avi,BenchPress
v_BenchPress_g20_c06,/train/BenchPress/v_BenchPress_g20_c06.avi,BenchPress
v_BenchPress_g14_c07,/train/BenchPress/v_BenchPress_g14_c07.avi,BenchPress
v_BenchPress_g13_c06,/train/BenchPress/v_BenchPress_g13_c06.avi,BenchPress
v_BenchPress_g16_c03,/train/BenchPress/v_BenchPress_g16_c03.avi,BenchPress
v_BenchPress_g01_c03,/train/BenchPress/v_BenchPress_g01_c03.avi,BenchPress
v_BenchPress_g08_c04,/train/BenchPress/v_BenchPress_g08_c04.avi,BenchPress
v_BenchPress_g13_c02,/train/BenchPress/v_BenchPress_g13_c02.avi,BenchPress
v_BenchPress_g02_c05,/train/BenchPress/v_BenchPress_g02_c05.avi,BenchPress
v_BenchPress_g06_c07,/train/BenchPress/v_BenchPress_g06_c07.avi,BenchPress
v_BenchPress_g07_c04,/train/BenchPress/v_BenchPress_g07_c04.avi,BenchPress
v_BenchPress_g08_c03,/train/BenchPress/v_BenchPress_g08_c03.avi,BenchPress
v_BenchPress_g14_c04,/train/BenchPress/v_BenchPress_g14_c04.avi,BenchPress
v_BenchPress_g07_c07,/train/BenchPress/v_BenchPress_g07_c07.avi,BenchPress
v_BenchPress_g24_c05,/train/BenchPress/v_BenchPress_g24_c05.avi,BenchPress
v_BenchPress_g06_c05,/train/BenchPress/v_BenchPress_g06_c05.avi,BenchPress
v_BenchPress_g06_c06,/train/BenchPress/v_BenchPress_g06_c06.avi,BenchPress
v_BenchPress_g17_c02,/train/BenchPress/v_BenchPress_g17_c02.avi,BenchPress
v_BenchPress_g16_c02,/train/BenchPress/v_BenchPress_g16_c02.avi,BenchPress
v_BenchPress_g02_c04,/train/BenchPress/v_BenchPress_g02_c04.avi,BenchPress
v_BenchPress_g03_c02,/train/BenchPress/v_BenchPress_g03_c02.avi,BenchPress
v_BenchPress_g07_c01,/train/BenchPress/v_BenchPress_g07_c01.avi,BenchPress
v_BenchPress_g08_c01,/train/BenchPress/v_BenchPress_g08_c01.avi,BenchPress
v_BenchPress_g03_c06,/train/BenchPress/v_BenchPress_g03_c06.avi,BenchPress
v_BenchPress_g17_c04,/train/BenchPress/v_BenchPress_g17_c04.avi,BenchPress
v_BenchPress_g13_c04,/train/BenchPress/v_BenchPress_g13_c04.avi,BenchPress
v_BenchPress_g16_c01,/train/BenchPress/v_BenchPress_g16_c01.avi,BenchPress
v_BenchPress_g23_c03,/train/BenchPress/v_BenchPress_g23_c03.avi,BenchPress
v_BenchPress_g25_c06,/train/BenchPress/v_BenchPress_g25_c06.avi,BenchPress
v_BenchPress_g17_c03,/train/BenchPress/v_BenchPress_g17_c03.avi,BenchPress
v_BenchPress_g02_c02,/train/BenchPress/v_BenchPress_g02_c02.avi,BenchPress
v_BenchPress_g20_c02,/train/BenchPress/v_BenchPress_g20_c02.avi,BenchPress
v_BenchPress_g12_c01,/train/BenchPress/v_BenchPress_g12_c01.avi,BenchPress
v_BenchPress_g09_c01,/train/BenchPress/v_BenchPress_g09_c01.avi,BenchPress
v_BenchPress_g12_c04,/train/BenchPress/v_BenchPress_g12_c04.avi,BenchPress
v_BenchPress_g25_c02,/train/BenchPress/v_BenchPress_g25_c02.avi,BenchPress
v_BenchPress_g06_c01,/train/BenchPress/v_BenchPress_g06_c01.avi,BenchPress
v_BenchPress_g15_c05,/train/BenchPress/v_BenchPress_g15_c05.avi,BenchPress
v_BenchPress_g24_c07,/train/BenchPress/v_BenchPress_g24_c07.avi,BenchPress
v_BenchPress_g24_c04,/train/BenchPress/v_BenchPress_g24_c04.avi,BenchPress
v_BenchPress_g15_c04,/train/BenchPress/v_BenchPress_g15_c04.avi,BenchPress
v_BenchPress_g22_c02,/train/BenchPress/v_BenchPress_g22_c02.avi,BenchPress
v_BenchPress_g09_c04,/train/BenchPress/v_BenchPress_g09_c04.avi,BenchPress
v_BenchPress_g24_c01,/train/BenchPress/v_BenchPress_g24_c01.avi,BenchPress
v_BenchPress_g06_c02,/train/BenchPress/v_BenchPress_g06_c02.avi,BenchPress
v_BenchPress_g17_c07,/train/BenchPress/v_BenchPress_g17_c07.avi,BenchPress
v_BenchPress_g11_c04,/train/BenchPress/v_BenchPress_g11_c04.avi,BenchPress
v_BenchPress_g08_c07,/train/BenchPress/v_BenchPress_g08_c07.avi,BenchPress
v_BenchPress_g21_c02,/train/BenchPress/v_BenchPress_g21_c02.avi,BenchPress
v_BenchPress_g23_c02,/train/BenchPress/v_BenchPress_g23_c02.avi,BenchPress
v_BenchPress_g07_c03,/train/BenchPress/v_BenchPress_g07_c03.avi,BenchPress
v_BenchPress_g01_c01,/train/BenchPress/v_BenchPress_g01_c01.avi,BenchPress
v_BenchPress_g03_c05,/train/BenchPress/v_BenchPress_g03_c05.avi,BenchPress
v_BenchPress_g21_c01,/train/BenchPress/v_BenchPress_g21_c01.avi,BenchPress
v_BenchPress_g17_c01,/train/BenchPress/v_BenchPress_g17_c01.avi,BenchPress
v_BenchPress_g24_c02,/train/BenchPress/v_BenchPress_g24_c02.avi,BenchPress
v_BenchPress_g04_c07,/train/BenchPress/v_BenchPress_g04_c07.avi,BenchPress
v_BenchPress_g01_c06,/train/BenchPress/v_BenchPress_g01_c06.avi,BenchPress
v_BenchPress_g05_c04,/train/BenchPress/v_BenchPress_g05_c04.avi,BenchPress
v_BenchPress_g06_c04,/train/BenchPress/v_BenchPress_g06_c04.avi,BenchPress
v_BenchPress_g10_c02,/train/BenchPress/v_BenchPress_g10_c02.avi,BenchPress
v_BenchPress_g04_c06,/train/BenchPress/v_BenchPress_g04_c06.avi,BenchPress
v_BenchPress_g04_c02,/train/BenchPress/v_BenchPress_g04_c02.avi,BenchPress
v_BenchPress_g20_c04,/train/BenchPress/v_BenchPress_g20_c04.avi,BenchPress
v_BenchPress_g19_c02,/train/BenchPress/v_BenchPress_g19_c02.avi,BenchPress
v_BenchPress_g10_c04,/train/BenchPress/v_BenchPress_g10_c04.avi,BenchPress
v_BenchPress_g19_c01,/train/BenchPress/v_BenchPress_g19_c01.avi,BenchPress
v_BenchPress_g23_c04,/train/BenchPress/v_BenchPress_g23_c04.avi,BenchPress
v_BenchPress_g09_c02,/train/BenchPress/v_BenchPress_g09_c02.avi,BenchPress
v_BenchPress_g18_c07,/train/BenchPress/v_BenchPress_g18_c07.avi,BenchPress
v_BenchPress_g19_c05,/train/BenchPress/v_BenchPress_g19_c05.avi,BenchPress
v_BenchPress_g24_c06,/train/BenchPress/v_BenchPress_g24_c06.avi,BenchPress
v_BenchPress_g13_c05,/train/BenchPress/v_BenchPress_g13_c05.avi,BenchPress
v_BenchPress_g03_c07,/train/BenchPress/v_BenchPress_g03_c07.avi,BenchPress
v_BenchPress_g14_c06,/train/BenchPress/v_BenchPress_g14_c06.avi,BenchPress
v_BenchPress_g06_c03,/train/BenchPress/v_BenchPress_g06_c03.avi,BenchPress
v_BenchPress_g22_c06,/train/BenchPress/v_BenchPress_g22_c06.avi,BenchPress
v_BenchPress_g17_c06,/train/BenchPress/v_BenchPress_g17_c06.avi,BenchPress
v_BenchPress_g13_c07,/train/BenchPress/v_BenchPress_g13_c07.avi,BenchPress
v_BenchPress_g14_c05,/train/BenchPress/v_BenchPress_g14_c05.avi,BenchPress
v_ApplyLipstick_g23_c04,/train/ApplyLipstick/v_ApplyLipstick_g23_c04.avi,ApplyLipstick
v_ApplyLipstick_g02_c02,/train/ApplyLipstick/v_ApplyLipstick_g02_c02.avi,ApplyLipstick
v_ApplyLipstick_g10_c02,/train/ApplyLipstick/v_ApplyLipstick_g10_c02.avi,ApplyLipstick
v_ApplyLipstick_g01_c03,/train/ApplyLipstick/v_ApplyLipstick_g01_c03.avi,ApplyLipstick
v_ApplyLipstick_g20_c01,/train/ApplyLipstick/v_ApplyLipstick_g20_c01.avi,ApplyLipstick
v_ApplyLipstick_g06_c03,/train/ApplyLipstick/v_ApplyLipstick_g06_c03.avi,ApplyLipstick
v_ApplyLipstick_g09_c03,/train/ApplyLipstick/v_ApplyLipstick_g09_c03.avi,ApplyLipstick
v_ApplyLipstick_g05_c03,/train/ApplyLipstick/v_ApplyLipstick_g05_c03.avi,ApplyLipstick
v_ApplyLipstick_g22_c06,/train/ApplyLipstick/v_ApplyLipstick_g22_c06.avi,ApplyLipstick
v_ApplyLipstick_g21_c01,/train/ApplyLipstick/v_ApplyLipstick_g21_c01.avi,ApplyLipstick
v_ApplyLipstick_g06_c02,/train/ApplyLipstick/v_ApplyLipstick_g06_c02.avi,ApplyLipstick
v_ApplyLipstick_g07_c04,/train/ApplyLipstick/v_ApplyLipstick_g07_c04.avi,ApplyLipstick
v_ApplyLipstick_g11_c01,/train/ApplyLipstick/v_ApplyLipstick_g11_c01.avi,ApplyLipstick
v_ApplyLipstick_g02_c01,/train/ApplyLipstick/v_ApplyLipstick_g02_c01.avi,ApplyLipstick
v_ApplyLipstick_g19_c02,/train/ApplyLipstick/v_ApplyLipstick_g19_c02.avi,ApplyLipstick
v_ApplyLipstick_g02_c04,/train/ApplyLipstick/v_ApplyLipstick_g02_c04.avi,ApplyLipstick
v_ApplyLipstick_g12_c05,/train/ApplyLipstick/v_ApplyLipstick_g12_c05.avi,ApplyLipstick
v_ApplyLipstick_g03_c04,/train/ApplyLipstick/v_ApplyLipstick_g03_c04.avi,ApplyLipstick
v_ApplyLipstick_g10_c04,/train/ApplyLipstick/v_ApplyLipstick_g10_c04.avi,ApplyLipstick
v_ApplyLipstick_g13_c01,/train/ApplyLipstick/v_ApplyLipstick_g13_c01.avi,ApplyLipstick
v_ApplyLipstick_g08_c01,/train/ApplyLipstick/v_ApplyLipstick_g08_c01.avi,ApplyLipstick
v_ApplyLipstick_g25_c01,/train/ApplyLipstick/v_ApplyLipstick_g25_c01.avi,ApplyLipstick
v_ApplyLipstick_g13_c02,/train/ApplyLipstick/v_ApplyLipstick_g13_c02.avi,ApplyLipstick
v_ApplyLipstick_g16_c03,/train/ApplyLipstick/v_ApplyLipstick_g16_c03.avi,ApplyLipstick
v_ApplyLipstick_g22_c03,/train/ApplyLipstick/v_ApplyLipstick_g22_c03.avi,ApplyLipstick
v_ApplyLipstick_g21_c05,/train/ApplyLipstick/v_ApplyLipstick_g21_c05.avi,ApplyLipstick
v_ApplyLipstick_g21_c04,/train/ApplyLipstick/v_ApplyLipstick_g21_c04.avi,ApplyLipstick
v_ApplyLipstick_g18_c02,/train/ApplyLipstick/v_ApplyLipstick_g18_c02.avi,ApplyLipstick
v_ApplyLipstick_g08_c02,/train/ApplyLipstick/v_ApplyLipstick_g08_c02.avi,ApplyLipstick
v_ApplyLipstick_g17_c04,/train/ApplyLipstick/v_ApplyLipstick_g17_c04.avi,ApplyLipstick
v_ApplyLipstick_g01_c02,/train/ApplyLipstick/v_ApplyLipstick_g01_c02.avi,ApplyLipstick
v_ApplyLipstick_g04_c05,/train/ApplyLipstick/v_ApplyLipstick_g04_c05.avi,ApplyLipstick
v_ApplyLipstick_g16_c02,/train/ApplyLipstick/v_ApplyLipstick_g16_c02.avi,ApplyLipstick
v_ApplyLipstick_g08_c04,/train/ApplyLipstick/v_ApplyLipstick_g08_c04.avi,ApplyLipstick
v_ApplyLipstick_g05_c01,/train/ApplyLipstick/v_ApplyLipstick_g05_c01.avi,ApplyLipstick
v_ApplyLipstick_g18_c04,/train/ApplyLipstick/v_ApplyLipstick_g18_c04.avi,ApplyLipstick
v_ApplyLipstick_g11_c02,/train/ApplyLipstick/v_ApplyLipstick_g11_c02.avi,ApplyLipstick
v_ApplyLipstick_g25_c03,/train/ApplyLipstick/v_ApplyLipstick_g25_c03.avi,ApplyLipstick
v_ApplyLipstick_g03_c02,/train/ApplyLipstick/v_ApplyLipstick_g03_c02.avi,ApplyLipstick
v_ApplyLipstick_g07_c01,/train/ApplyLipstick/v_ApplyLipstick_g07_c01.avi,ApplyLipstick
v_ApplyLipstick_g24_c05,/train/ApplyLipstick/v_ApplyLipstick_g24_c05.avi,ApplyLipstick
v_ApplyLipstick_g04_c04,/train/ApplyLipstick/v_ApplyLipstick_g04_c04.avi,ApplyLipstick
v_ApplyLipstick_g12_c01,/train/ApplyLipstick/v_ApplyLipstick_g12_c01.avi,ApplyLipstick
v_ApplyLipstick_g04_c01,/train/ApplyLipstick/v_ApplyLipstick_g04_c01.avi,ApplyLipstick
v_ApplyLipstick_g22_c04,/train/ApplyLipstick/v_ApplyLipstick_g22_c04.avi,ApplyLipstick
v_ApplyLipstick_g05_c05,/train/ApplyLipstick/v_ApplyLipstick_g05_c05.avi,ApplyLipstick
v_ApplyLipstick_g06_c04,/train/ApplyLipstick/v_ApplyLipstick_g06_c04.avi,ApplyLipstick
v_ApplyLipstick_g17_c01,/train/ApplyLipstick/v_ApplyLipstick_g17_c01.avi,ApplyLipstick
v_ApplyLipstick_g22_c02,/train/ApplyLipstick/v_ApplyLipstick_g22_c02.avi,ApplyLipstick
v_ApplyLipstick_g22_c07,/train/ApplyLipstick/v_ApplyLipstick_g22_c07.avi,ApplyLipstick
v_ApplyLipstick_g09_c02,/train/ApplyLipstick/v_ApplyLipstick_g09_c02.avi,ApplyLipstick
v_ApplyLipstick_g25_c02,/train/ApplyLipstick/v_ApplyLipstick_g25_c02.avi,ApplyLipstick
v_ApplyLipstick_g22_c05,/train/ApplyLipstick/v_ApplyLipstick_g22_c05.avi,ApplyLipstick
v_ApplyLipstick_g19_c03,/train/ApplyLipstick/v_ApplyLipstick_g19_c03.avi,ApplyLipstick
v_ApplyLipstick_g11_c04,/train/ApplyLipstick/v_ApplyLipstick_g11_c04.avi,ApplyLipstick
v_ApplyLipstick_g17_c02,/train/ApplyLipstick/v_ApplyLipstick_g17_c02.avi,ApplyLipstick
v_ApplyLipstick_g10_c01,/train/ApplyLipstick/v_ApplyLipstick_g10_c01.avi,ApplyLipstick
v_ApplyLipstick_g04_c03,/train/ApplyLipstick/v_ApplyLipstick_g04_c03.avi,ApplyLipstick
v_ApplyLipstick_g24_c02,/train/ApplyLipstick/v_ApplyLipstick_g24_c02.avi,ApplyLipstick
v_ApplyLipstick_g20_c05,/train/ApplyLipstick/v_ApplyLipstick_g20_c05.avi,ApplyLipstick
v_ApplyLipstick_g05_c02,/train/ApplyLipstick/v_ApplyLipstick_g05_c02.avi,ApplyLipstick
v_ApplyLipstick_g13_c03,/train/ApplyLipstick/v_ApplyLipstick_g13_c03.avi,ApplyLipstick
v_ApplyLipstick_g05_c04,/train/ApplyLipstick/v_ApplyLipstick_g05_c04.avi,ApplyLipstick
v_ApplyLipstick_g24_c03,/train/ApplyLipstick/v_ApplyLipstick_g24_c03.avi,ApplyLipstick
v_ApplyLipstick_g07_c03,/train/ApplyLipstick/v_ApplyLipstick_g07_c03.avi,ApplyLipstick
v_ApplyLipstick_g24_c01,/train/ApplyLipstick/v_ApplyLipstick_g24_c01.avi,ApplyLipstick
v_ApplyLipstick_g23_c02,/train/ApplyLipstick/v_ApplyLipstick_g23_c02.avi,ApplyLipstick
v_ApplyLipstick_g16_c01,/train/ApplyLipstick/v_ApplyLipstick_g16_c01.avi,ApplyLipstick
v_ApplyLipstick_g09_c01,/train/ApplyLipstick/v_ApplyLipstick_g09_c01.avi,ApplyLipstick
v_ApplyLipstick_g14_c02,/train/ApplyLipstick/v_ApplyLipstick_g14_c02.avi,ApplyLipstick
v_ApplyLipstick_g16_c04,/train/ApplyLipstick/v_ApplyLipstick_g16_c04.avi,ApplyLipstick
v_ApplyLipstick_g19_c04,/train/ApplyLipstick/v_ApplyLipstick_g19_c04.avi,ApplyLipstick
v_ApplyLipstick_g12_c02,/train/ApplyLipstick/v_ApplyLipstick_g12_c02.avi,ApplyLipstick
v_ApplyLipstick_g08_c03,/train/ApplyLipstick/v_ApplyLipstick_g08_c03.avi,ApplyLipstick
v_ApplyLipstick_g21_c03,/train/ApplyLipstick/v_ApplyLipstick_g21_c03.avi,ApplyLipstick
v_ApplyLipstick_g25_c04,/train/ApplyLipstick/v_ApplyLipstick_g25_c04.avi,ApplyLipstick
v_ApplyLipstick_g17_c03,/train/ApplyLipstick/v_ApplyLipstick_g17_c03.avi,ApplyLipstick
v_ApplyLipstick_g06_c01,/train/ApplyLipstick/v_ApplyLipstick_g06_c01.avi,ApplyLipstick
v_ApplyLipstick_g14_c04,/train/ApplyLipstick/v_ApplyLipstick_g14_c04.avi,ApplyLipstick
v_ApplyLipstick_g15_c05,/train/ApplyLipstick/v_ApplyLipstick_g15_c05.avi,ApplyLipstick
v_ApplyLipstick_g02_c03,/train/ApplyLipstick/v_ApplyLipstick_g02_c03.avi,ApplyLipstick
v_ApplyLipstick_g03_c03,/train/ApplyLipstick/v_ApplyLipstick_g03_c03.avi,ApplyLipstick
v_ApplyLipstick_g18_c01,/train/ApplyLipstick/v_ApplyLipstick_g18_c01.avi,ApplyLipstick
v_ApplyLipstick_g01_c01,/train/ApplyLipstick/v_ApplyLipstick_g01_c01.avi,ApplyLipstick
v_ApplyLipstick_g15_c03,/train/ApplyLipstick/v_ApplyLipstick_g15_c03.avi,ApplyLipstick
v_BabyCrawling_g18_c02,/train/BabyCrawling/v_BabyCrawling_g18_c02.avi,BabyCrawling
v_BabyCrawling_g06_c02,/train/BabyCrawling/v_BabyCrawling_g06_c02.avi,BabyCrawling
v_BabyCrawling_g22_c05,/train/BabyCrawling/v_BabyCrawling_g22_c05.avi,BabyCrawling
v_BabyCrawling_g04_c01,/train/BabyCrawling/v_BabyCrawling_g04_c01.avi,BabyCrawling
v_BabyCrawling_g05_c05,/train/BabyCrawling/v_BabyCrawling_g05_c05.avi,BabyCrawling
v_BabyCrawling_g21_c02,/train/BabyCrawling/v_BabyCrawling_g21_c02.avi,BabyCrawling
v_BabyCrawling_g14_c04,/train/BabyCrawling/v_BabyCrawling_g14_c04.avi,BabyCrawling
v_BabyCrawling_g11_c04,/train/BabyCrawling/v_BabyCrawling_g11_c04.avi,BabyCrawling
v_BabyCrawling_g22_c07,/train/BabyCrawling/v_BabyCrawling_g22_c07.avi,BabyCrawling
v_BabyCrawling_g24_c01,/train/BabyCrawling/v_BabyCrawling_g24_c01.avi,BabyCrawling
v_BabyCrawling_g15_c05,/train/BabyCrawling/v_BabyCrawling_g15_c05.avi,BabyCrawling
v_BabyCrawling_g21_c03,/train/BabyCrawling/v_BabyCrawling_g21_c03.avi,BabyCrawling
v_BabyCrawling_g16_c06,/train/BabyCrawling/v_BabyCrawling_g16_c06.avi,BabyCrawling
v_BabyCrawling_g18_c06,/train/BabyCrawling/v_BabyCrawling_g18_c06.avi,BabyCrawling
v_BabyCrawling_g23_c04,/train/BabyCrawling/v_BabyCrawling_g23_c04.avi,BabyCrawling
v_BabyCrawling_g02_c03,/train/BabyCrawling/v_BabyCrawling_g02_c03.avi,BabyCrawling
v_BabyCrawling_g02_c05,/train/BabyCrawling/v_BabyCrawling_g02_c05.avi,BabyCrawling
v_BabyCrawling_g16_c03,/train/BabyCrawling/v_BabyCrawling_g16_c03.avi,BabyCrawling
v_BabyCrawling_g18_c03,/train/BabyCrawling/v_BabyCrawling_g18_c03.avi,BabyCrawling
v_BabyCrawling_g03_c04,/train/BabyCrawling/v_BabyCrawling_g03_c04.avi,BabyCrawling
v_BabyCrawling_g06_c05,/train/BabyCrawling/v_BabyCrawling_g06_c05.avi,BabyCrawling
v_BabyCrawling_g23_c01,/train/BabyCrawling/v_BabyCrawling_g23_c01.avi,BabyCrawling
v_BabyCrawling_g15_c04,/train/BabyCrawling/v_BabyCrawling_g15_c04.avi,BabyCrawling
v_BabyCrawling_g02_c02,/train/BabyCrawling/v_BabyCrawling_g02_c02.avi,BabyCrawling
v_BabyCrawling_g09_c01,/train/BabyCrawling/v_BabyCrawling_g09_c01.avi,BabyCrawling
v_BabyCrawling_g09_c05,/train/BabyCrawling/v_BabyCrawling_g09_c05.avi,BabyCrawling
v_BabyCrawling_g09_c02,/train/BabyCrawling/v_BabyCrawling_g09_c02.avi,BabyCrawling
v_BabyCrawling_g07_c03,/train/BabyCrawling/v_BabyCrawling_g07_c03.avi,BabyCrawling
v_BabyCrawling_g21_c04,/train/BabyCrawling/v_BabyCrawling_g21_c04.avi,BabyCrawling
v_BabyCrawling_g12_c03,/train/BabyCrawling/v_BabyCrawling_g12_c03.avi,BabyCrawling
v_BabyCrawling_g24_c03,/train/BabyCrawling/v_BabyCrawling_g24_c03.avi,BabyCrawling
v_BabyCrawling_g22_c02,/train/BabyCrawling/v_BabyCrawling_g22_c02.avi,BabyCrawling
v_BabyCrawling_g24_c02,/train/BabyCrawling/v_BabyCrawling_g24_c02.avi,BabyCrawling
v_BabyCrawling_g05_c03,/train/BabyCrawling/v_BabyCrawling_g05_c03.avi,BabyCrawling
v_BabyCrawling_g10_c01,/train/BabyCrawling/v_BabyCrawling_g10_c01.avi,BabyCrawling
v_BabyCrawling_g17_c04,/train/BabyCrawling/v_BabyCrawling_g17_c04.avi,BabyCrawling
v_BabyCrawling_g10_c02,/train/BabyCrawling/v_BabyCrawling_g10_c02.avi,BabyCrawling
v_BabyCrawling_g12_c02,/train/BabyCrawling/v_BabyCrawling_g12_c02.avi,BabyCrawling
v_BabyCrawling_g04_c02,/train/BabyCrawling/v_BabyCrawling_g04_c02.avi,BabyCrawling
v_BabyCrawling_g05_c01,/train/BabyCrawling/v_BabyCrawling_g05_c01.avi,BabyCrawling
v_BabyCrawling_g15_c03,/train/BabyCrawling/v_BabyCrawling_g15_c03.avi,BabyCrawling
v_BabyCrawling_g07_c04,/train/BabyCrawling/v_BabyCrawling_g07_c04.avi,BabyCrawling
v_BabyCrawling_g06_c03,/train/BabyCrawling/v_BabyCrawling_g06_c03.avi,BabyCrawling
v_BabyCrawling_g08_c02,/train/BabyCrawling/v_BabyCrawling_g08_c02.avi,BabyCrawling
v_BabyCrawling_g04_c04,/train/BabyCrawling/v_BabyCrawling_g04_c04.avi,BabyCrawling
v_BabyCrawling_g19_c03,/train/BabyCrawling/v_BabyCrawling_g19_c03.avi,BabyCrawling
v_BabyCrawling_g20_c02,/train/BabyCrawling/v_BabyCrawling_g20_c02.avi,BabyCrawling
v_BabyCrawling_g05_c04,/train/BabyCrawling/v_BabyCrawling_g05_c04.avi,BabyCrawling
v_BabyCrawling_g07_c02,/train/BabyCrawling/v_BabyCrawling_g07_c02.avi,BabyCrawling
v_BabyCrawling_g04_c03,/train/BabyCrawling/v_BabyCrawling_g04_c03.avi,BabyCrawling
v_BabyCrawling_g25_c04,/train/BabyCrawling/v_BabyCrawling_g25_c04.avi,BabyCrawling
v_BabyCrawling_g16_c02,/train/BabyCrawling/v_BabyCrawling_g16_c02.avi,BabyCrawling
v_BabyCrawling_g20_c06,/train/BabyCrawling/v_BabyCrawling_g20_c06.avi,BabyCrawling
v_BabyCrawling_g06_c01,/train/BabyCrawling/v_BabyCrawling_g06_c01.avi,BabyCrawling
v_BabyCrawling_g19_c05,/train/BabyCrawling/v_BabyCrawling_g19_c05.avi,BabyCrawling
v_BabyCrawling_g22_c04,/train/BabyCrawling/v_BabyCrawling_g22_c04.avi,BabyCrawling
v_BabyCrawling_g14_c03,/train/BabyCrawling/v_BabyCrawling_g14_c03.avi,BabyCrawling
v_BabyCrawling_g20_c04,/train/BabyCrawling/v_BabyCrawling_g20_c04.avi,BabyCrawling
v_BabyCrawling_g13_c04,/train/BabyCrawling/v_BabyCrawling_g13_c04.avi,BabyCrawling
v_BabyCrawling_g13_c01,/train/BabyCrawling/v_BabyCrawling_g13_c01.avi,BabyCrawling
v_BabyCrawling_g01_c02,/train/BabyCrawling/v_BabyCrawling_g01_c02.avi,BabyCrawling
v_BabyCrawling_g13_c02,/train/BabyCrawling/v_BabyCrawling_g13_c02.avi,BabyCrawling
v_BabyCrawling_g07_c01,/train/BabyCrawling/v_BabyCrawling_g07_c01.avi,BabyCrawling
v_BabyCrawling_g11_c01,/train/BabyCrawling/v_BabyCrawling_g11_c01.avi,BabyCrawling
v_BabyCrawling_g02_c04,/train/BabyCrawling/v_BabyCrawling_g02_c04.avi,BabyCrawling
v_BabyCrawling_g25_c02,/train/BabyCrawling/v_BabyCrawling_g25_c02.avi,BabyCrawling
v_BabyCrawling_g23_c02,/train/BabyCrawling/v_BabyCrawling_g23_c02.avi,BabyCrawling
v_BabyCrawling_g10_c05,/train/BabyCrawling/v_BabyCrawling_g10_c05.avi,BabyCrawling
v_BabyCrawling_g14_c01,/train/BabyCrawling/v_BabyCrawling_g14_c01.avi,BabyCrawling
v_BabyCrawling_g18_c05,/train/BabyCrawling/v_BabyCrawling_g18_c05.avi,BabyCrawling
v_BabyCrawling_g23_c03,/train/BabyCrawling/v_BabyCrawling_g23_c03.avi,BabyCrawling
v_BabyCrawling_g17_c02,/train/BabyCrawling/v_BabyCrawling_g17_c02.avi,BabyCrawling
v_BabyCrawling_g18_c04,/train/BabyCrawling/v_BabyCrawling_g18_c04.avi,BabyCrawling
v_BabyCrawling_g03_c02,/train/BabyCrawling/v_BabyCrawling_g03_c02.avi,BabyCrawling
v_BabyCrawling_g16_c04,/train/BabyCrawling/v_BabyCrawling_g16_c04.avi,BabyCrawling
v_BabyCrawling_g25_c06,/train/BabyCrawling/v_BabyCrawling_g25_c06.avi,BabyCrawling
v_BabyCrawling_g01_c03,/train/BabyCrawling/v_BabyCrawling_g01_c03.avi,BabyCrawling
v_BabyCrawling_g16_c05,/train/BabyCrawling/v_BabyCrawling_g16_c05.avi,BabyCrawling
v_BabyCrawling_g11_c03,/train/BabyCrawling/v_BabyCrawling_g11_c03.avi,BabyCrawling
v_BabyCrawling_g25_c05,/train/BabyCrawling/v_BabyCrawling_g25_c05.avi,BabyCrawling
v_BabyCrawling_g06_c04,/train/BabyCrawling/v_BabyCrawling_g06_c04.avi,BabyCrawling
v_BabyCrawling_g14_c02,/train/BabyCrawling/v_BabyCrawling_g14_c02.avi,BabyCrawling
v_BabyCrawling_g06_c06,/train/BabyCrawling/v_BabyCrawling_g06_c06.avi,BabyCrawling
v_BabyCrawling_g02_c01,/train/BabyCrawling/v_BabyCrawling_g02_c01.avi,BabyCrawling
v_BabyCrawling_g22_c01,/train/BabyCrawling/v_BabyCrawling_g22_c01.avi,BabyCrawling
v_BabyCrawling_g05_c02,/train/BabyCrawling/v_BabyCrawling_g05_c02.avi,BabyCrawling
v_BabyCrawling_g09_c04,/train/BabyCrawling/v_BabyCrawling_g09_c04.avi,BabyCrawling
v_BabyCrawling_g07_c06,/train/BabyCrawling/v_BabyCrawling_g07_c06.avi,BabyCrawling
v_BabyCrawling_g21_c01,/train/BabyCrawling/v_BabyCrawling_g21_c01.avi,BabyCrawling
v_BabyCrawling_g19_c04,/train/BabyCrawling/v_BabyCrawling_g19_c04.avi,BabyCrawling
v_BabyCrawling_g17_c03,/train/BabyCrawling/v_BabyCrawling_g17_c03.avi,BabyCrawling
v_BabyCrawling_g15_c01,/train/BabyCrawling/v_BabyCrawling_g15_c01.avi,BabyCrawling
v_BabyCrawling_g08_c04,/train/BabyCrawling/v_BabyCrawling_g08_c04.avi,BabyCrawling
v_BabyCrawling_g09_c06,/train/BabyCrawling/v_BabyCrawling_g09_c06.avi,BabyCrawling
v_BabyCrawling_g24_c04,/train/BabyCrawling/v_BabyCrawling_g24_c04.avi,BabyCrawling
v_BabyCrawling_g12_c05,/train/BabyCrawling/v_BabyCrawling_g12_c05.avi,BabyCrawling
v_BabyCrawling_g12_c06,/train/BabyCrawling/v_BabyCrawling_g12_c06.avi,BabyCrawling
v_BabyCrawling_g19_c01,/train/BabyCrawling/v_BabyCrawling_g19_c01.avi,BabyCrawling
v_BabyCrawling_g11_c02,/train/BabyCrawling/v_BabyCrawling_g11_c02.avi,BabyCrawling
v_Archery_g05_c02,/train/Archery/v_Archery_g05_c02.avi,Archery
v_Archery_g23_c07,/train/Archery/v_Archery_g23_c07.avi,Archery
v_Archery_g15_c05,/train/Archery/v_Archery_g15_c05.avi,Archery
v_Archery_g09_c06,/train/Archery/v_Archery_g09_c06.avi,Archery
v_Archery_g18_c03,/train/Archery/v_Archery_g18_c03.avi,Archery
v_Archery_g13_c03,/train/Archery/v_Archery_g13_c03.avi,Archery
v_Archery_g24_c02,/train/Archery/v_Archery_g24_c02.avi,Archery
v_Archery_g03_c03,/train/Archery/v_Archery_g03_c03.avi,Archery
v_Archery_g23_c02,/train/Archery/v_Archery_g23_c02.avi,Archery
v_Archery_g09_c01,/train/Archery/v_Archery_g09_c01.avi,Archery
v_Archery_g24_c05,/train/Archery/v_Archery_g24_c05.avi,Archery
v_Archery_g22_c03,/train/Archery/v_Archery_g22_c03.avi,Archery
v_Archery_g20_c06,/train/Archery/v_Archery_g20_c06.avi,Archery
v_Archery_g10_c04,/train/Archery/v_Archery_g10_c04.avi,Archery
v_Archery_g19_c01,/train/Archery/v_Archery_g19_c01.avi,Archery
v_Archery_g05_c01,/train/Archery/v_Archery_g05_c01.avi,Archery
v_Archery_g02_c07,/train/Archery/v_Archery_g02_c07.avi,Archery
v_Archery_g18_c01,/train/Archery/v_Archery_g18_c01.avi,Archery
v_Archery_g14_c01,/train/Archery/v_Archery_g14_c01.avi,Archery
v_Archery_g10_c01,/train/Archery/v_Archery_g10_c01.avi,Archery
v_Archery_g08_c05,/train/Archery/v_Archery_g08_c05.avi,Archery
v_Archery_g18_c07,/train/Archery/v_Archery_g18_c07.avi,Archery
v_Archery_g20_c03,/train/Archery/v_Archery_g20_c03.avi,Archery
v_Archery_g02_c02,/train/Archery/v_Archery_g02_c02.avi,Archery
v_Archery_g22_c04,/train/Archery/v_Archery_g22_c04.avi,Archery
v_Archery_g20_c05,/train/Archery/v_Archery_g20_c05.avi,Archery
v_Archery_g06_c03,/train/Archery/v_Archery_g06_c03.avi,Archery
v_Archery_g09_c07,/train/Archery/v_Archery_g09_c07.avi,Archery
v_Archery_g21_c01,/train/Archery/v_Archery_g21_c01.avi,Archery
v_Archery_g20_c04,/train/Archery/v_Archery_g20_c04.avi,Archery
v_Archery_g17_c03,/train/Archery/v_Archery_g17_c03.avi,Archery
v_Archery_g15_c01,/train/Archery/v_Archery_g15_c01.avi,Archery
v_Archery_g17_c01,/train/Archery/v_Archery_g17_c01.avi,Archery
v_Archery_g25_c07,/train/Archery/v_Archery_g25_c07.avi,Archery
v_Archery_g04_c01,/train/Archery/v_Archery_g04_c01.avi,Archery
v_Archery_g02_c04,/train/Archery/v_Archery_g02_c04.avi,Archery
v_Archery_g13_c01,/train/Archery/v_Archery_g13_c01.avi,Archery
v_Archery_g05_c03,/train/Archery/v_Archery_g05_c03.avi,Archery
v_Archery_g14_c02,/train/Archery/v_Archery_g14_c02.avi,Archery
v_Archery_g04_c03,/train/Archery/v_Archery_g04_c03.avi,Archery
v_Archery_g08_c02,/train/Archery/v_Archery_g08_c02.avi,Archery
v_Archery_g22_c01,/train/Archery/v_Archery_g22_c01.avi,Archery
v_Archery_g10_c05,/train/Archery/v_Archery_g10_c05.avi,Archery
v_Archery_g12_c03,/train/Archery/v_Archery_g12_c03.avi,Archery
v_Archery_g09_c04,/train/Archery/v_Archery_g09_c04.avi,Archery
v_Archery_g15_c03,/train/Archery/v_Archery_g15_c03.avi,Archery
v_Archery_g12_c01,/train/Archery/v_Archery_g12_c01.avi,Archery
v_Archery_g11_c04,/train/Archery/v_Archery_g11_c04.avi,Archery
v_Archery_g20_c07,/train/Archery/v_Archery_g20_c07.avi,Archery
v_Archery_g02_c05,/train/Archery/v_Archery_g02_c05.avi,Archery
v_Archery_g19_c03,/train/Archery/v_Archery_g19_c03.avi,Archery
v_Archery_g21_c04,/train/Archery/v_Archery_g21_c04.avi,Archery
v_Archery_g01_c02,/train/Archery/v_Archery_g01_c02.avi,Archery
v_Archery_g07_c06,/train/Archery/v_Archery_g07_c06.avi,Archery
v_Archery_g17_c02,/train/Archery/v_Archery_g17_c02.avi,Archery
v_Archery_g10_c03,/train/Archery/v_Archery_g10_c03.avi,Archery
v_Archery_g04_c02,/train/Archery/v_Archery_g04_c02.avi,Archery
v_Archery_g08_c04,/train/Archery/v_Archery_g08_c04.avi,Archery
v_Archery_g25_c03,/train/Archery/v_Archery_g25_c03.avi,Archery
v_Archery_g22_c02,/train/Archery/v_Archery_g22_c02.avi,Archery
v_Archery_g10_c07,/train/Archery/v_Archery_g10_c07.avi,Archery
v_Archery_g11_c06,/train/Archery/v_Archery_g11_c06.avi,Archery
v_Archery_g13_c02,/train/Archery/v_Archery_g13_c02.avi,Archery
v_Archery_g07_c04,/train/Archery/v_Archery_g07_c04.avi,Archery
v_Archery_g03_c01,/train/Archery/v_Archery_g03_c01.avi,Archery
v_Archery_g04_c04,/train/Archery/v_Archery_g04_c04.avi,Archery
v_Archery_g15_c06,/train/Archery/v_Archery_g15_c06.avi,Archery
v_Archery_g06_c05,/train/Archery/v_Archery_g06_c05.avi,Archery
v_Archery_g14_c03,/train/Archery/v_Archery_g14_c03.avi,Archery
v_Archery_g07_c01,/train/Archery/v_Archery_g07_c01.avi,Archery
v_Archery_g25_c05,/train/Archery/v_Archery_g25_c05.avi,Archery
v_Archery_g03_c04,/train/Archery/v_Archery_g03_c04.avi,Archery
v_Archery_g23_c06,/train/Archery/v_Archery_g23_c06.avi,Archery
v_Archery_g09_c05,/train/Archery/v_Archery_g09_c05.avi,Archery
v_Archery_g19_c02,/train/Archery/v_Archery_g19_c02.avi,Archery
v_Archery_g13_c07,/train/Archery/v_Archery_g13_c07.avi,Archery
v_Archery_g25_c04,/train/Archery/v_Archery_g25_c04.avi,Archery
v_Archery_g16_c03,/train/Archery/v_Archery_g16_c03.avi,Archery
v_Archery_g03_c02,/train/Archery/v_Archery_g03_c02.avi,Archery
v_Archery_g24_c01,/train/Archery/v_Archery_g24_c01.avi,Archery
v_Archery_g07_c03,/train/Archery/v_Archery_g07_c03.avi,Archery
v_Archery_g20_c01,/train/Archery/v_Archery_g20_c01.avi,Archery
v_Archery_g01_c07,/train/Archery/v_Archery_g01_c07.avi,Archery
v_Archery_g05_c05,/train/Archery/v_Archery_g05_c05.avi,Archery
v_Archery_g12_c02,/train/Archery/v_Archery_g12_c02.avi,Archery
v_Archery_g06_c04,/train/Archery/v_Archery_g06_c04.avi,Archery
v_Archery_g06_c06,/train/Archery/v_Archery_g06_c06.avi,Archery
v_Archery_g11_c02,/train/Archery/v_Archery_g11_c02.avi,Archery
v_Archery_g02_c06,/train/Archery/v_Archery_g02_c06.avi,Archery
v_Archery_g23_c05,/train/Archery/v_Archery_g23_c05.avi,Archery
v_Archery_g01_c04,/train/Archery/v_Archery_g01_c04.avi,Archery
v_Archery_g15_c02,/train/Archery/v_Archery_g15_c02.avi,Archery
v_Archery_g05_c04,/train/Archery/v_Archery_g05_c04.avi,Archery
v_Archery_g24_c04,/train/Archery/v_Archery_g24_c04.avi,Archery
v_Archery_g01_c05,/train/Archery/v_Archery_g01_c05.avi,Archery
v_Archery_g16_c01,/train/Archery/v_Archery_g16_c01.avi,Archery
v_Archery_g06_c02,/train/Archery/v_Archery_g06_c02.avi,Archery
v_Archery_g13_c05,/train/Archery/v_Archery_g13_c05.avi,Archery
v_Archery_g24_c03,/train/Archery/v_Archery_g24_c03.avi,Archery
v_Archery_g16_c02,/train/Archery/v_Archery_g16_c02.avi,Archery
v_Archery_g13_c04,/train/Archery/v_Archery_g13_c04.avi,Archery
v_Archery_g01_c06,/train/Archery/v_Archery_g01_c06.avi,Archery
v_Archery_g18_c06,/train/Archery/v_Archery_g18_c06.avi,Archery
v_Archery_g04_c05,/train/Archery/v_Archery_g04_c05.avi,Archery
v_Archery_g01_c01,/train/Archery/v_Archery_g01_c01.avi,Archery
v_Archery_g03_c05,/train/Archery/v_Archery_g03_c05.avi,Archery
v_Archery_g23_c03,/train/Archery/v_Archery_g23_c03.avi,Archery
v_Archery_g20_c02,/train/Archery/v_Archery_g20_c02.avi,Archery
v_BalanceBeam_g05_c02,/train/BalanceBeam/v_BalanceBeam_g05_c02.avi,BalanceBeam
v_BalanceBeam_g03_c04,/train/BalanceBeam/v_BalanceBeam_g03_c04.avi,BalanceBeam
v_BalanceBeam_g18_c02,/train/BalanceBeam/v_BalanceBeam_g18_c02.avi,BalanceBeam
v_BalanceBeam_g21_c01,/train/BalanceBeam/v_BalanceBeam_g21_c01.avi,BalanceBeam
v_BalanceBeam_g15_c04,/train/BalanceBeam/v_BalanceBeam_g15_c04.avi,BalanceBeam
v_BalanceBeam_g01_c03,/train/BalanceBeam/v_BalanceBeam_g01_c03.avi,BalanceBeam
v_BalanceBeam_g22_c04,/train/BalanceBeam/v_BalanceBeam_g22_c04.avi,BalanceBeam
v_BalanceBeam_g01_c04,/train/BalanceBeam/v_BalanceBeam_g01_c04.avi,BalanceBeam
v_BalanceBeam_g17_c05,/train/BalanceBeam/v_BalanceBeam_g17_c05.avi,BalanceBeam
v_BalanceBeam_g13_c03,/train/BalanceBeam/v_BalanceBeam_g13_c03.avi,BalanceBeam
v_BalanceBeam_g06_c03,/train/BalanceBeam/v_BalanceBeam_g06_c03.avi,BalanceBeam
v_BalanceBeam_g16_c01,/train/BalanceBeam/v_BalanceBeam_g16_c01.avi,BalanceBeam
v_BalanceBeam_g24_c01,/train/BalanceBeam/v_BalanceBeam_g24_c01.avi,BalanceBeam
v_BalanceBeam_g21_c05,/train/BalanceBeam/v_BalanceBeam_g21_c05.avi,BalanceBeam
v_BalanceBeam_g01_c01,/train/BalanceBeam/v_BalanceBeam_g01_c01.avi,BalanceBeam
v_BalanceBeam_g18_c01,/train/BalanceBeam/v_BalanceBeam_g18_c01.avi,BalanceBeam
v_BalanceBeam_g08_c03,/train/BalanceBeam/v_BalanceBeam_g08_c03.avi,BalanceBeam
v_BalanceBeam_g19_c02,/train/BalanceBeam/v_BalanceBeam_g19_c02.avi,BalanceBeam
v_BalanceBeam_g03_c02,/train/BalanceBeam/v_BalanceBeam_g03_c02.avi,BalanceBeam
v_BalanceBeam_g12_c01,/train/BalanceBeam/v_BalanceBeam_g12_c01.avi,BalanceBeam
v_BalanceBeam_g14_c02,/train/BalanceBeam/v_BalanceBeam_g14_c02.avi,BalanceBeam
v_BalanceBeam_g10_c03,/train/BalanceBeam/v_BalanceBeam_g10_c03.avi,BalanceBeam
v_BalanceBeam_g05_c01,/train/BalanceBeam/v_BalanceBeam_g05_c01.avi,BalanceBeam
v_BalanceBeam_g16_c04,/train/BalanceBeam/v_BalanceBeam_g16_c04.avi,BalanceBeam
v_BalanceBeam_g03_c01,/train/BalanceBeam/v_BalanceBeam_g03_c01.avi,BalanceBeam
v_BalanceBeam_g11_c01,/train/BalanceBeam/v_BalanceBeam_g11_c01.avi,BalanceBeam
v_BalanceBeam_g17_c06,/train/BalanceBeam/v_BalanceBeam_g17_c06.avi,BalanceBeam
v_BalanceBeam_g14_c04,/train/BalanceBeam/v_BalanceBeam_g14_c04.avi,BalanceBeam
v_BalanceBeam_g15_c01,/train/BalanceBeam/v_BalanceBeam_g15_c01.avi,BalanceBeam
v_BalanceBeam_g06_c05,/train/BalanceBeam/v_BalanceBeam_g06_c05.avi,BalanceBeam
v_BalanceBeam_g22_c01,/train/BalanceBeam/v_BalanceBeam_g22_c01.avi,BalanceBeam
v_BalanceBeam_g17_c03,/train/BalanceBeam/v_BalanceBeam_g17_c03.avi,BalanceBeam
v_BalanceBeam_g25_c02,/train/BalanceBeam/v_BalanceBeam_g25_c02.avi,BalanceBeam
v_BalanceBeam_g17_c02,/train/BalanceBeam/v_BalanceBeam_g17_c02.avi,BalanceBeam
v_BalanceBeam_g24_c04,/train/BalanceBeam/v_BalanceBeam_g24_c04.avi,BalanceBeam
v_BalanceBeam_g19_c03,/train/BalanceBeam/v_BalanceBeam_g19_c03.avi,BalanceBeam
v_BalanceBeam_g08_c04,/train/BalanceBeam/v_BalanceBeam_g08_c04.avi,BalanceBeam
v_BalanceBeam_g23_c05,/train/BalanceBeam/v_BalanceBeam_g23_c05.avi,BalanceBeam
v_BalanceBeam_g06_c04,/train/BalanceBeam/v_BalanceBeam_g06_c04.avi,BalanceBeam
v_BalanceBeam_g19_c01,/train/BalanceBeam/v_BalanceBeam_g19_c01.avi,BalanceBeam
v_BalanceBeam_g10_c01,/train/BalanceBeam/v_BalanceBeam_g10_c01.avi,BalanceBeam
v_BalanceBeam_g09_c02,/train/BalanceBeam/v_BalanceBeam_g09_c02.avi,BalanceBeam
v_BalanceBeam_g18_c04,/train/BalanceBeam/v_BalanceBeam_g18_c04.avi,BalanceBeam
v_BalanceBeam_g08_c02,/train/BalanceBeam/v_BalanceBeam_g08_c02.avi,BalanceBeam
v_BalanceBeam_g13_c04,/train/BalanceBeam/v_BalanceBeam_g13_c04.avi,BalanceBeam
v_BalanceBeam_g15_c02,/train/BalanceBeam/v_BalanceBeam_g15_c02.avi,BalanceBeam
v_BalanceBeam_g21_c04,/train/BalanceBeam/v_BalanceBeam_g21_c04.avi,BalanceBeam
v_BalanceBeam_g13_c01,/train/BalanceBeam/v_BalanceBeam_g13_c01.avi,BalanceBeam
v_BalanceBeam_g18_c03,/train/BalanceBeam/v_BalanceBeam_g18_c03.avi,BalanceBeam
v_BalanceBeam_g14_c03,/train/BalanceBeam/v_BalanceBeam_g14_c03.avi,BalanceBeam
v_BalanceBeam_g22_c02,/train/BalanceBeam/v_BalanceBeam_g22_c02.avi,BalanceBeam
v_BalanceBeam_g09_c01,/train/BalanceBeam/v_BalanceBeam_g09_c01.avi,BalanceBeam
v_BalanceBeam_g02_c03,/train/BalanceBeam/v_BalanceBeam_g02_c03.avi,BalanceBeam
v_BalanceBeam_g04_c04,/train/BalanceBeam/v_BalanceBeam_g04_c04.avi,BalanceBeam
v_BalanceBeam_g01_c02,/train/BalanceBeam/v_BalanceBeam_g01_c02.avi,BalanceBeam
v_BalanceBeam_g23_c02,/train/BalanceBeam/v_BalanceBeam_g23_c02.avi,BalanceBeam
v_BalanceBeam_g24_c02,/train/BalanceBeam/v_BalanceBeam_g24_c02.avi,BalanceBeam
v_BalanceBeam_g17_c04,/train/BalanceBeam/v_BalanceBeam_g17_c04.avi,BalanceBeam
v_BalanceBeam_g04_c03,/train/BalanceBeam/v_BalanceBeam_g04_c03.avi,BalanceBeam
v_BalanceBeam_g12_c04,/train/BalanceBeam/v_BalanceBeam_g12_c04.avi,BalanceBeam
v_BalanceBeam_g25_c01,/train/BalanceBeam/v_BalanceBeam_g25_c01.avi,BalanceBeam
v_BalanceBeam_g23_c04,/train/BalanceBeam/v_BalanceBeam_g23_c04.avi,BalanceBeam
v_BalanceBeam_g20_c03,/train/BalanceBeam/v_BalanceBeam_g20_c03.avi,BalanceBeam
v_BalanceBeam_g06_c07,/train/BalanceBeam/v_BalanceBeam_g06_c07.avi,BalanceBeam
v_BalanceBeam_g06_c06,/train/BalanceBeam/v_BalanceBeam_g06_c06.avi,BalanceBeam
v_BalanceBeam_g16_c02,/train/BalanceBeam/v_BalanceBeam_g16_c02.avi,BalanceBeam
v_BalanceBeam_g07_c03,/train/BalanceBeam/v_BalanceBeam_g07_c03.avi,BalanceBeam
v_BalanceBeam_g07_c02,/train/BalanceBeam/v_BalanceBeam_g07_c02.avi,BalanceBeam
v_BalanceBeam_g14_c01,/train/BalanceBeam/v_BalanceBeam_g14_c01.avi,BalanceBeam
v_BalanceBeam_g20_c04,/train/BalanceBeam/v_BalanceBeam_g20_c04.avi,BalanceBeam
v_BalanceBeam_g25_c04,/train/BalanceBeam/v_BalanceBeam_g25_c04.avi,BalanceBeam
v_BalanceBeam_g02_c02,/train/BalanceBeam/v_BalanceBeam_g02_c02.avi,BalanceBeam
v_BalanceBeam_g12_c03,/train/BalanceBeam/v_BalanceBeam_g12_c03.avi,BalanceBeam
v_BalanceBeam_g20_c02,/train/BalanceBeam/v_BalanceBeam_g20_c02.avi,BalanceBeam
v_BalanceBeam_g11_c03,/train/BalanceBeam/v_BalanceBeam_g11_c03.avi,BalanceBeam
v_BalanceBeam_g03_c03,/train/BalanceBeam/v_BalanceBeam_g03_c03.avi,BalanceBeam
v_BalanceBeam_g16_c03,/train/BalanceBeam/v_BalanceBeam_g16_c03.avi,BalanceBeam
v_BalanceBeam_g12_c02,/train/BalanceBeam/v_BalanceBeam_g12_c02.avi,BalanceBeam
v_BalanceBeam_g23_c01,/train/BalanceBeam/v_BalanceBeam_g23_c01.avi,BalanceBeam
v_BalanceBeam_g13_c02,/train/BalanceBeam/v_BalanceBeam_g13_c02.avi,BalanceBeam
v_BalanceBeam_g04_c01,/train/BalanceBeam/v_BalanceBeam_g04_c01.avi,BalanceBeam
v_Basketball_g01_c05,/train/Basketball/v_Basketball_g01_c05.avi,Basketball
v_Basketball_g21_c01,/train/Basketball/v_Basketball_g21_c01.avi,Basketball
v_BasketballDunk_g24_c02,/train/Basketball/v_BasketballDunk_g24_c02.avi,Basketball
v_BasketballDunk_g05_c04,/train/Basketball/v_BasketballDunk_g05_c04.avi,Basketball
v_Basketball_g16_c05,/train/Basketball/v_Basketball_g16_c05.avi,Basketball
v_Basketball_g18_c03,/train/Basketball/v_Basketball_g18_c03.avi,Basketball
v_BasketballDunk_g03_c04,/train/Basketball/v_BasketballDunk_g03_c04.avi,Basketball
v_BasketballDunk_g02_c04,/train/Basketball/v_BasketballDunk_g02_c04.avi,Basketball
v_Basketball_g19_c02,/train/Basketball/v_Basketball_g19_c02.avi,Basketball
v_Basketball_g06_c03,/train/Basketball/v_Basketball_g06_c03.avi,Basketball
v_Basketball_g15_c02,/train/Basketball/v_Basketball_g15_c02.avi,Basketball
v_Basketball_g11_c04,/train/Basketball/v_Basketball_g11_c04.avi,Basketball
v_BasketballDunk_g25_c01,/train/Basketball/v_BasketballDunk_g25_c01.avi,Basketball
v_Basketball_g16_c02,/train/Basketball/v_Basketball_g16_c02.avi,Basketball
v_Basketball_g06_c04,/train/Basketball/v_Basketball_g06_c04.avi,Basketball
v_Basketball_g12_c05,/train/Basketball/v_Basketball_g12_c05.avi,Basketball
v_Basketball_g25_c07,/train/Basketball/v_Basketball_g25_c07.avi,Basketball
v_BasketballDunk_g05_c02,/train/Basketball/v_BasketballDunk_g05_c02.avi,Basketball
v_BasketballDunk_g10_c01,/train/Basketball/v_BasketballDunk_g10_c01.avi,Basketball
v_BasketballDunk_g10_c02,/train/Basketball/v_BasketballDunk_g10_c02.avi,Basketball
v_BasketballDunk_g11_c02,/train/Basketball/v_BasketballDunk_g11_c02.avi,Basketball
v_Basketball_g15_c03,/train/Basketball/v_Basketball_g15_c03.avi,Basketball
v_BasketballDunk_g23_c01,/train/Basketball/v_BasketballDunk_g23_c01.avi,Basketball
v_Basketball_g09_c05,/train/Basketball/v_Basketball_g09_c05.avi,Basketball
v_Basketball_g20_c02,/train/Basketball/v_Basketball_g20_c02.avi,Basketball
v_Basketball_g16_c04,/train/Basketball/v_Basketball_g16_c04.avi,Basketball
v_BasketballDunk_g18_c02,/train/Basketball/v_BasketballDunk_g18_c02.avi,Basketball
v_Basketball_g15_c04,/train/Basketball/v_Basketball_g15_c04.avi,Basketball
v_BasketballDunk_g23_c04,/train/Basketball/v_BasketballDunk_g23_c04.avi,Basketball
v_BasketballDunk_g14_c03,/train/Basketball/v_BasketballDunk_g14_c03.avi,Basketball
v_BasketballDunk_g24_c04,/train/Basketball/v_BasketballDunk_g24_c04.avi,Basketball
v_Basketball_g08_c04,/train/Basketball/v_Basketball_g08_c04.avi,Basketball
v_BasketballDunk_g20_c02,/train/Basketball/v_BasketballDunk_g20_c02.avi,Basketball
v_BasketballDunk_g18_c05,/train/Basketball/v_BasketballDunk_g18_c05.avi,Basketball
v_Basketball_g14_c03,/train/Basketball/v_Basketball_g14_c03.avi,Basketball
v_Basketball_g15_c06,/train/Basketball/v_Basketball_g15_c06.avi,Basketball
v_Basketball_g25_c01,/train/Basketball/v_Basketball_g25_c01.avi,Basketball
v_Basketball_g08_c01,/train/Basketball/v_Basketball_g08_c01.avi,Basketball
v_Basketball_g18_c02,/train/Basketball/v_Basketball_g18_c02.avi,Basketball
v_BasketballDunk_g01_c01,/train/Basketball/v_BasketballDunk_g01_c01.avi,Basketball
v_BasketballDunk_g14_c06,/train/Basketball/v_BasketballDunk_g14_c06.avi,Basketball
v_Basketball_g09_c02,/train/Basketball/v_Basketball_g09_c02.avi,Basketball
v_Basketball_g21_c04,/train/Basketball/v_Basketball_g21_c04.avi,Basketball
v_Basketball_g18_c04,/train/Basketball/v_Basketball_g18_c04.avi,Basketball
v_BasketballDunk_g07_c01,/train/Basketball/v_BasketballDunk_g07_c01.avi,Basketball
v_Basketball_g11_c05,/train/Basketball/v_Basketball_g11_c05.avi,Basketball
v_Basketball_g14_c01,/train/Basketball/v_Basketball_g14_c01.avi,Basketball
v_Basketball_g19_c03,/train/Basketball/v_Basketball_g19_c03.avi,Basketball
v_BasketballDunk_g08_c04,/train/Basketball/v_BasketballDunk_g08_c04.avi,Basketball
v_BasketballDunk_g01_c04,/train/Basketball/v_BasketballDunk_g01_c04.avi,Basketball
v_BasketballDunk_g23_c05,/train/Basketball/v_BasketballDunk_g23_c05.avi,Basketball
v_Basketball_g03_c02,/train/Basketball/v_Basketball_g03_c02.avi,Basketball
v_BasketballDunk_g16_c03,/train/Basketball/v_BasketballDunk_g16_c03.avi,Basketball
v_Basketball_g12_c04,/train/Basketball/v_Basketball_g12_c04.avi,Basketball
v_Basketball_g12_c03,/train/Basketball/v_Basketball_g12_c03.avi,Basketball
v_Basketball_g05_c03,/train/Basketball/v_Basketball_g05_c03.avi,Basketball
v_Basketball_g04_c02,/train/Basketball/v_Basketball_g04_c02.avi,Basketball
v_BasketballDunk_g10_c03,/train/Basketball/v_BasketballDunk_g10_c03.avi,Basketball
v_BasketballDunk_g11_c03,/train/Basketball/v_BasketballDunk_g11_c03.avi,Basketball
v_BasketballDunk_g15_c04,/train/Basketball/v_BasketballDunk_g15_c04.avi,Basketball
v_BasketballDunk_g13_c01,/train/Basketball/v_BasketballDunk_g13_c01.avi,Basketball
v_BasketballDunk_g07_c03,/train/Basketball/v_BasketballDunk_g07_c03.avi,Basketball
v_BasketballDunk_g01_c05,/train/Basketball/v_BasketballDunk_g01_c05.avi,Basketball
v_Basketball_g25_c06,/train/Basketball/v_Basketball_g25_c06.avi,Basketball
v_Basketball_g10_c03,/train/Basketball/v_Basketball_g10_c03.avi,Basketball
v_BasketballDunk_g17_c07,/train/Basketball/v_BasketballDunk_g17_c07.avi,Basketball
v_BasketballDunk_g02_c01,/train/Basketball/v_BasketballDunk_g02_c01.avi,Basketball
v_BasketballDunk_g11_c04,/train/Basketball/v_BasketballDunk_g11_c04.avi,Basketball
v_Basketball_g24_c03,/train/Basketball/v_Basketball_g24_c03.avi,Basketball
v_Basketball_g22_c02,/train/Basketball/v_Basketball_g22_c02.avi,Basketball
v_BasketballDunk_g20_c06,/train/Basketball/v_BasketballDunk_g20_c06.avi,Basketball
v_Basketball_g22_c03,/train/Basketball/v_Basketball_g22_c03.avi,Basketball
v_Basketball_g07_c02,/train/Basketball/v_Basketball_g07_c02.avi,Basketball
v_BasketballDunk_g16_c02,/train/Basketball/v_BasketballDunk_g16_c02.avi,Basketball
v_Basketball_g01_c03,/train/Basketball/v_Basketball_g01_c03.avi,Basketball
v_BasketballDunk_g12_c01,/train/Basketball/v_BasketballDunk_g12_c01.avi,Basketball
v_BasketballDunk_g12_c03,/train/Basketball/v_BasketballDunk_g12_c03.avi,Basketball
v_Basketball_g18_c05,/train/Basketball/v_Basketball_g18_c05.avi,Basketball
v_BasketballDunk_g11_c01,/train/Basketball/v_BasketballDunk_g11_c01.avi,Basketball
v_Basketball_g10_c01,/train/Basketball/v_Basketball_g10_c01.avi,Basketball
v_BasketballDunk_g04_c04,/train/Basketball/v_BasketballDunk_g04_c04.avi,Basketball
v_BasketballDunk_g17_c06,/train/Basketball/v_BasketballDunk_g17_c06.avi,Basketball
v_Basketball_g10_c04,/train/Basketball/v_Basketball_g10_c04.avi,Basketball
v_Basketball_g07_c04,/train/Basketball/v_Basketball_g07_c04.avi,Basketball
v_Basketball_g06_c02,/train/Basketball/v_Basketball_g06_c02.avi,Basketball
v_BasketballDunk_g14_c04,/train/Basketball/v_BasketballDunk_g14_c04.avi,Basketball
v_Basketball_g21_c03,/train/Basketball/v_Basketball_g21_c03.avi,Basketball
v_Basketball_g04_c01,/train/Basketball/v_Basketball_g04_c01.avi,Basketball
v_Basketball_g20_c05,/train/Basketball/v_Basketball_g20_c05.avi,Basketball
v_Basketball_g19_c04,/train/Basketball/v_Basketball_g19_c04.avi,Basketball
v_Basketball_g16_c06,/train/Basketball/v_Basketball_g16_c06.avi,Basketball
v_BasketballDunk_g16_c04,/train/Basketball/v_BasketballDunk_g16_c04.avi,Basketball
v_BasketballDunk_g25_c04,/train/Basketball/v_BasketballDunk_g25_c04.avi,Basketball
v_BasketballDunk_g09_c04,/train/Basketball/v_BasketballDunk_g09_c04.avi,Basketball
v_BasketballDunk_g20_c04,/train/Basketball/v_BasketballDunk_g20_c04.avi,Basketball
v_BasketballDunk_g14_c02,/train/Basketball/v_BasketballDunk_g14_c02.avi,Basketball
v_BasketballDunk_g08_c01,/train/Basketball/v_BasketballDunk_g08_c01.avi,Basketball
v_Basketball_g24_c04,/train/Basketball/v_Basketball_g24_c04.avi,Basketball
v_Basketball_g03_c03,/train/Basketball/v_Basketball_g03_c03.avi,Basketball
v_Basketball_g20_c04,/train/Basketball/v_Basketball_g20_c04.avi,Basketball
v_BasketballDunk_g12_c05,/train/Basketball/v_BasketballDunk_g12_c05.avi,Basketball
v_BasketballDunk_g21_c02,/train/Basketball/v_BasketballDunk_g21_c02.avi,Basketball
v_Basketball_g20_c03,/train/Basketball/v_Basketball_g20_c03.avi,Basketball
v_BasketballDunk_g17_c05,/train/Basketball/v_BasketballDunk_g17_c05.avi,Basketball
v_BasketballDunk_g14_c07,/train/Basketball/v_BasketballDunk_g14_c07.avi,Basketball
v_BasketballDunk_g15_c05,/train/Basketball/v_BasketballDunk_g15_c05.avi,Basketball
v_Basketball_g02_c01,/train/Basketball/v_Basketball_g02_c01.avi,Basketball
v_BasketballDunk_g18_c04,/train/Basketball/v_BasketballDunk_g18_c04.avi,Basketball
v_Basketball_g25_c03,/train/Basketball/v_Basketball_g25_c03.avi,Basketball
v_BasketballDunk_g17_c03,/train/Basketball/v_BasketballDunk_g17_c03.avi,Basketball
v_BasketballDunk_g07_c04,/train/Basketball/v_BasketballDunk_g07_c04.avi,Basketball
v_BasketballDunk_g23_c02,/train/Basketball/v_BasketballDunk_g23_c02.avi,Basketball
v_Basketball_g15_c07,/train/Basketball/v_Basketball_g15_c07.avi,Basketball
v_Basketball_g19_c05,/train/Basketball/v_Basketball_g19_c05.avi,Basketball
v_BasketballDunk_g02_c03,/train/Basketball/v_BasketballDunk_g02_c03.avi,Basketball
v_BasketballDunk_g21_c03,/train/Basketball/v_BasketballDunk_g21_c03.avi,Basketball
v_BasketballDunk_g01_c03,/train/Basketball/v_BasketballDunk_g01_c03.avi,Basketball
v_BasketballDunk_g03_c05,/train/Basketball/v_BasketballDunk_g03_c05.avi,Basketball
v_BasketballDunk_g03_c02,/train/Basketball/v_BasketballDunk_g03_c02.avi,Basketball
v_Basketball_g17_c04,/train/Basketball/v_Basketball_g17_c04.avi,Basketball
v_BasketballDunk_g04_c02,/train/Basketball/v_BasketballDunk_g04_c02.avi,Basketball
v_Basketball_g19_c07,/train/Basketball/v_Basketball_g19_c07.avi,Basketball
v_Basketball_g02_c02,/train/Basketball/v_Basketball_g02_c02.avi,Basketball
v_Basketball_g13_c01,/train/Basketball/v_Basketball_g13_c01.avi,Basketball
v_BasketballDunk_g13_c03,/train/Basketball/v_BasketballDunk_g13_c03.avi,Basketball
v_BasketballDunk_g02_c02,/train/Basketball/v_BasketballDunk_g02_c02.avi,Basketball
v_BasketballDunk_g22_c01,/train/Basketball/v_BasketballDunk_g22_c01.avi,Basketball
v_BasketballDunk_g05_c05,/train/Basketball/v_BasketballDunk_g05_c05.avi,Basketball
v_Basketball_g19_c01,/train/Basketball/v_Basketball_g19_c01.avi,Basketball
v_Basketball_g01_c07,/train/Basketball/v_Basketball_g01_c07.avi,Basketball
v_BasketballDunk_g17_c04,/train/Basketball/v_BasketballDunk_g17_c04.avi,Basketball
v_Basketball_g03_c06,/train/Basketball/v_Basketball_g03_c06.avi,Basketball
v_Basketball_g22_c06,/train/Basketball/v_Basketball_g22_c06.avi,Basketball
v_BasketballDunk_g07_c05,/train/Basketball/v_BasketballDunk_g07_c05.avi,Basketball
v_BasketballDunk_g11_c05,/train/Basketball/v_BasketballDunk_g11_c05.avi,Basketball
v_BasketballDunk_g03_c06,/train/Basketball/v_BasketballDunk_g03_c06.avi,Basketball
v_Basketball_g07_c03,/train/Basketball/v_Basketball_g07_c03.avi,Basketball
v_BasketballDunk_g01_c07,/train/Basketball/v_BasketballDunk_g01_c07.avi,Basketball
v_BasketballDunk_g19_c04,/train/Basketball/v_BasketballDunk_g19_c04.avi,Basketball
v_BasketballDunk_g14_c05,/train/Basketball/v_BasketballDunk_g14_c05.avi,Basketball
v_Basketball_g22_c04,/train/Basketball/v_Basketball_g22_c04.avi,Basketball
v_Basketball_g17_c03,/train/Basketball/v_Basketball_g17_c03.avi,Basketball
v_BasketballDunk_g19_c02,/train/Basketball/v_BasketballDunk_g19_c02.avi,Basketball
v_BasketballDunk_g17_c02,/train/Basketball/v_BasketballDunk_g17_c02.avi,Basketball
v_BasketballDunk_g21_c01,/train/Basketball/v_BasketballDunk_g21_c01.avi,Basketball
v_Basketball_g16_c03,/train/Basketball/v_Basketball_g16_c03.avi,Basketball
v_Basketball_g22_c07,/train/Basketball/v_Basketball_g22_c07.avi,Basketball
v_BasketballDunk_g23_c03,/train/Basketball/v_BasketballDunk_g23_c03.avi,Basketball
v_Basketball_g24_c01,/train/Basketball/v_Basketball_g24_c01.avi,Basketball
v_BasketballDunk_g15_c03,/train/Basketball/v_BasketballDunk_g15_c03.avi,Basketball
v_BasketballDunk_g09_c01,/train/Basketball/v_BasketballDunk_g09_c01.avi,Basketball
v_Basketball_g02_c04,/train/Basketball/v_Basketball_g02_c04.avi,Basketball
v_Basketball_g11_c01,/train/Basketball/v_Basketball_g11_c01.avi,Basketball
v_BasketballDunk_g15_c07,/train/Basketball/v_BasketballDunk_g15_c07.avi,Basketball
v_Basketball_g23_c04,/train/Basketball/v_Basketball_g23_c04.avi,Basketball
v_BasketballDunk_g09_c02,/train/Basketball/v_BasketballDunk_g09_c02.avi,Basketball
v_BasketballDunk_g09_c05,/train/Basketball/v_BasketballDunk_g09_c05.avi,Basketball
v_Basketball_g14_c04,/train/Basketball/v_Basketball_g14_c04.avi,Basketball
v_BasketballDunk_g10_c05,/train/Basketball/v_BasketballDunk_g10_c05.avi,Basketball
v_Basketball_g22_c01,/train/Basketball/v_Basketball_g22_c01.avi,Basketball
v_Basketball_g17_c01,/train/Basketball/v_Basketball_g17_c01.avi,Basketball
v_Basketball_g23_c06,/train/Basketball/v_Basketball_g23_c06.avi,Basketball
v_BasketballDunk_g12_c02,/train/Basketball/v_BasketballDunk_g12_c02.avi,Basketball
v_Basketball_g09_c04,/train/Basketball/v_Basketball_g09_c04.avi,Basketball
v_BasketballDunk_g07_c02,/train/Basketball/v_BasketballDunk_g07_c02.avi,Basketball
v_BasketballDunk_g03_c03,/train/Basketball/v_BasketballDunk_g03_c03.avi,Basketball
v_Basketball_g19_c06,/train/Basketball/v_Basketball_g19_c06.avi,Basketball
v_Basketball_g14_c02,/train/Basketball/v_Basketball_g14_c02.avi,Basketball
v_BasketballDunk_g12_c04,/train/Basketball/v_BasketballDunk_g12_c04.avi,Basketball
v_BasketballDunk_g01_c06,/train/Basketball/v_BasketballDunk_g01_c06.avi,Basketball
v_BasketballDunk_g03_c01,/train/Basketball/v_BasketballDunk_g03_c01.avi,Basketball
v_BasketballDunk_g20_c05,/train/Basketball/v_BasketballDunk_g20_c05.avi,Basketball
v_BasketballDunk_g24_c03,/train/Basketball/v_BasketballDunk_g24_c03.avi,Basketball
v_BasketballDunk_g20_c01,/train/Basketball/v_BasketballDunk_g20_c01.avi,Basketball
v_Basketball_g20_c01,/train/Basketball/v_Basketball_g20_c01.avi,Basketball
v_BasketballDunk_g15_c02,/train/Basketball/v_BasketballDunk_g15_c02.avi,Basketball
v_BasketballDunk_g18_c03,/train/Basketball/v_BasketballDunk_g18_c03.avi,Basketball
v_BasketballDunk_g06_c03,/train/Basketball/v_BasketballDunk_g06_c03.avi,Basketball
v_BasketballDunk_g05_c03,/train/Basketball/v_BasketballDunk_g05_c03.avi,Basketball
v_Basketball_g23_c01,/train/Basketball/v_Basketball_g23_c01.avi,Basketball
v_Basketball_g21_c02,/train/Basketball/v_Basketball_g21_c02.avi,Basketball
v_Basketball_g13_c03,/train/Basketball/v_Basketball_g13_c03.avi,Basketball
v_Basketball_g10_c02,/train/Basketball/v_Basketball_g10_c02.avi,Basketball
v_BasketballDunk_g16_c05,/train/Basketball/v_BasketballDunk_g16_c05.avi,Basketball
v_Basketball_g13_c04,/train/Basketball/v_Basketball_g13_c04.avi,Basketball
v_BasketballDunk_g06_c04,/train/Basketball/v_BasketballDunk_g06_c04.avi,Basketball
v_BasketballDunk_g15_c06,/train/Basketball/v_BasketballDunk_g15_c06.avi,Basketball
v_Basketball_g06_c01,/train/Basketball/v_Basketball_g06_c01.avi,Basketball
v_BasketballDunk_g05_c01,/train/Basketball/v_BasketballDunk_g05_c01.avi,Basketball
v_Basketball_g07_c01,/train/Basketball/v_Basketball_g07_c01.avi,Basketball
v_Basketball_g05_c04,/train/Basketball/v_Basketball_g05_c04.avi,Basketball
v_Basketball_g21_c05,/train/Basketball/v_Basketball_g21_c05.avi,Basketball
v_Basketball_g02_c06,/train/Basketball/v_Basketball_g02_c06.avi,Basketball
v_Basketball_g23_c05,/train/Basketball/v_Basketball_g23_c05.avi,Basketball
v_Basketball_g18_c01,/train/Basketball/v_Basketball_g18_c01.avi,Basketball
v_BasketballDunk_g17_c01,/train/Basketball/v_BasketballDunk_g17_c01.avi,Basketball
v_Basketball_g01_c01,/train/Basketball/v_Basketball_g01_c01.avi,Basketball
v_BasketballDunk_g24_c01,/train/Basketball/v_BasketballDunk_g24_c01.avi,Basketball
v_ApplyEyeMakeup_g06_c04,/train/ApplyEyeMakeup/v_ApplyEyeMakeup_g06_c04.avi,ApplyEyeMakeup
v_ApplyEyeMakeup_g03_c06,/train/ApplyEyeMakeup/v_ApplyEyeMakeup_g03_c06.avi,ApplyEyeMakeup
v_ApplyEyeMakeup_g11_c03,/train/ApplyEyeMakeup/v_ApplyEyeMakeup_g11_c03.avi,ApplyEyeMakeup
v_ApplyEyeMakeup_g15_c03,/train/ApplyEyeMakeup/v_ApplyEyeMakeup_g15_c03.avi,ApplyEyeMakeup
v_ApplyEyeMakeup_g10_c04,/train/ApplyEyeMakeup/v_ApplyEyeMakeup_g10_c04.avi,ApplyEyeMakeup
v_ApplyEyeMakeup_g04_c05,/train/ApplyEyeMakeup/v_ApplyEyeMakeup_g04_c05.avi,ApplyEyeMakeup
v_ApplyEyeMakeup_g06_c06,/train/ApplyEyeMakeup/v_ApplyEyeMakeup_g06_c06.avi,ApplyEyeMakeup
v_ApplyEyeMakeup_g24_c04,/train/ApplyEyeMakeup/v_ApplyEyeMakeup_g24_c04.avi,ApplyEyeMakeup
v_ApplyEyeMakeup_g15_c04,/train/ApplyEyeMakeup/v_ApplyEyeMakeup_g15_c04.avi,ApplyEyeMakeup
v_ApplyEyeMakeup_g23_c04,/train/ApplyEyeMakeup/v_ApplyEyeMakeup_g23_c04.avi,ApplyEyeMakeup
v_ApplyEyeMakeup_g08_c02,/train/ApplyEyeMakeup/v_ApplyEyeMakeup_g08_c02.avi,ApplyEyeMakeup
v_ApplyEyeMakeup_g25_c03,/train/ApplyEyeMakeup/v_ApplyEyeMakeup_g25_c03.avi,ApplyEyeMakeup
v_ApplyEyeMakeup_g25_c02,/train/ApplyEyeMakeup/v_ApplyEyeMakeup_g25_c02.avi,ApplyEyeMakeup
v_ApplyEyeMakeup_g23_c01,/train/ApplyEyeMakeup/v_ApplyEyeMakeup_g23_c01.avi,ApplyEyeMakeup
v_ApplyEyeMakeup_g21_c05,/train/ApplyEyeMakeup/v_ApplyEyeMakeup_g21_c05.avi,ApplyEyeMakeup
v_ApplyEyeMakeup_g24_c07,/train/ApplyEyeMakeup/v_ApplyEyeMakeup_g24_c07.avi,ApplyEyeMakeup
v_ApplyEyeMakeup_g18_c05,/train/ApplyEyeMakeup/v_ApplyEyeMakeup_g18_c05.avi,ApplyEyeMakeup
v_ApplyEyeMakeup_g19_c03,/train/ApplyEyeMakeup/v_ApplyEyeMakeup_g19_c03.avi,ApplyEyeMakeup
v_ApplyEyeMakeup_g04_c06,/train/ApplyEyeMakeup/v_ApplyEyeMakeup_g04_c06.avi,ApplyEyeMakeup
v_ApplyEyeMakeup_g23_c02,/train/ApplyEyeMakeup/v_ApplyEyeMakeup_g23_c02.avi,ApplyEyeMakeup
v_ApplyEyeMakeup_g06_c01,/train/ApplyEyeMakeup/v_ApplyEyeMakeup_g06_c01.avi,ApplyEyeMakeup
v_ApplyEyeMakeup_g14_c04,/train/ApplyEyeMakeup/v_ApplyEyeMakeup_g14_c04.avi,ApplyEyeMakeup
v_ApplyEyeMakeup_g13_c05,/train/ApplyEyeMakeup/v_ApplyEyeMakeup_g13_c05.avi,ApplyEyeMakeup
v_ApplyEyeMakeup_g25_c04,/train/ApplyEyeMakeup/v_ApplyEyeMakeup_g25_c04.avi,ApplyEyeMakeup
v_ApplyEyeMakeup_g21_c03,/train/ApplyEyeMakeup/v_ApplyEyeMakeup_g21_c03.avi,ApplyEyeMakeup
v_ApplyEyeMakeup_g22_c02,/train/ApplyEyeMakeup/v_ApplyEyeMakeup_g22_c02.avi,ApplyEyeMakeup
v_ApplyEyeMakeup_g19_c02,/train/ApplyEyeMakeup/v_ApplyEyeMakeup_g19_c02.avi,ApplyEyeMakeup
v_ApplyEyeMakeup_g02_c03,/train/ApplyEyeMakeup/v_ApplyEyeMakeup_g02_c03.avi,ApplyEyeMakeup
v_ApplyEyeMakeup_g24_c05,/train/ApplyEyeMakeup/v_ApplyEyeMakeup_g24_c05.avi,ApplyEyeMakeup
v_ApplyEyeMakeup_g10_c05,/train/ApplyEyeMakeup/v_ApplyEyeMakeup_g10_c05.avi,ApplyEyeMakeup
v_ApplyEyeMakeup_g15_c02,/train/ApplyEyeMakeup/v_ApplyEyeMakeup_g15_c02.avi,ApplyEyeMakeup
v_ApplyEyeMakeup_g24_c01,/train/ApplyEyeMakeup/v_ApplyEyeMakeup_g24_c01.avi,ApplyEyeMakeup
v_ApplyEyeMakeup_g07_c01,/train/ApplyEyeMakeup/v_ApplyEyeMakeup_g07_c01.avi,ApplyEyeMakeup
v_ApplyEyeMakeup_g09_c05,/train/ApplyEyeMakeup/v_ApplyEyeMakeup_g09_c05.avi,ApplyEyeMakeup
v_ApplyEyeMakeup_g04_c01,/train/ApplyEyeMakeup/v_ApplyEyeMakeup_g04_c01.avi,ApplyEyeMakeup
v_ApplyEyeMakeup_g09_c03,/train/ApplyEyeMakeup/v_ApplyEyeMakeup_g09_c03.avi,ApplyEyeMakeup
v_ApplyEyeMakeup_g17_c04,/train/ApplyEyeMakeup/v_ApplyEyeMakeup_g17_c04.avi,ApplyEyeMakeup
v_ApplyEyeMakeup_g22_c03,/train/ApplyEyeMakeup/v_ApplyEyeMakeup_g22_c03.avi,ApplyEyeMakeup
v_ApplyEyeMakeup_g14_c03,/train/ApplyEyeMakeup/v_ApplyEyeMakeup_g14_c03.avi,ApplyEyeMakeup
v_ApplyEyeMakeup_g09_c02,/train/ApplyEyeMakeup/v_ApplyEyeMakeup_g09_c02.avi,ApplyEyeMakeup
v_ApplyEyeMakeup_g21_c02,/train/ApplyEyeMakeup/v_ApplyEyeMakeup_g21_c02.avi,ApplyEyeMakeup
v_ApplyEyeMakeup_g01_c03,/train/ApplyEyeMakeup/v_ApplyEyeMakeup_g01_c03.avi,ApplyEyeMakeup
v_ApplyEyeMakeup_g08_c01,/train/ApplyEyeMakeup/v_ApplyEyeMakeup_g08_c01.avi,ApplyEyeMakeup
v_ApplyEyeMakeup_g07_c03,/train/ApplyEyeMakeup/v_ApplyEyeMakeup_g07_c03.avi,ApplyEyeMakeup
v_ApplyEyeMakeup_g13_c03,/train/ApplyEyeMakeup/v_ApplyEyeMakeup_g13_c03.avi,ApplyEyeMakeup
v_ApplyEyeMakeup_g10_c02,/train/ApplyEyeMakeup/v_ApplyEyeMakeup_g10_c02.avi,ApplyEyeMakeup
v_ApplyEyeMakeup_g07_c05,/train/ApplyEyeMakeup/v_ApplyEyeMakeup_g07_c05.avi,ApplyEyeMakeup
v_ApplyEyeMakeup_g12_c02,/train/ApplyEyeMakeup/v_ApplyEyeMakeup_g12_c02.avi,ApplyEyeMakeup
v_ApplyEyeMakeup_g25_c01,/train/ApplyEyeMakeup/v_ApplyEyeMakeup_g25_c01.avi,ApplyEyeMakeup
v_ApplyEyeMakeup_g21_c04,/train/ApplyEyeMakeup/v_ApplyEyeMakeup_g21_c04.avi,ApplyEyeMakeup
v_ApplyEyeMakeup_g13_c01,/train/ApplyEyeMakeup/v_ApplyEyeMakeup_g13_c01.avi,ApplyEyeMakeup
v_ApplyEyeMakeup_g18_c01,/train/ApplyEyeMakeup/v_ApplyEyeMakeup_g18_c01.avi,ApplyEyeMakeup
v_ApplyEyeMakeup_g22_c04,/train/ApplyEyeMakeup/v_ApplyEyeMakeup_g22_c04.avi,ApplyEyeMakeup
v_ApplyEyeMakeup_g16_c02,/train/ApplyEyeMakeup/v_ApplyEyeMakeup_g16_c02.avi,ApplyEyeMakeup
v_ApplyEyeMakeup_g12_c03,/train/ApplyEyeMakeup/v_ApplyEyeMakeup_g12_c03.avi,ApplyEyeMakeup
v_ApplyEyeMakeup_g16_c01,/train/ApplyEyeMakeup/v_ApplyEyeMakeup_g16_c01.avi,ApplyEyeMakeup
v_ApplyEyeMakeup_g03_c01,/train/ApplyEyeMakeup/v_ApplyEyeMakeup_g03_c01.avi,ApplyEyeMakeup
v_ApplyEyeMakeup_g20_c03,/train/ApplyEyeMakeup/v_ApplyEyeMakeup_g20_c03.avi,ApplyEyeMakeup
v_ApplyEyeMakeup_g01_c06,/train/ApplyEyeMakeup/v_ApplyEyeMakeup_g01_c06.avi,ApplyEyeMakeup
v_ApplyEyeMakeup_g02_c02,/train/ApplyEyeMakeup/v_ApplyEyeMakeup_g02_c02.avi,ApplyEyeMakeup
v_ApplyEyeMakeup_g03_c04,/train/ApplyEyeMakeup/v_ApplyEyeMakeup_g03_c04.avi,ApplyEyeMakeup
v_ApplyEyeMakeup_g05_c02,/train/ApplyEyeMakeup/v_ApplyEyeMakeup_g05_c02.avi,ApplyEyeMakeup
v_ApplyEyeMakeup_g18_c04,/train/ApplyEyeMakeup/v_ApplyEyeMakeup_g18_c04.avi,ApplyEyeMakeup
v_ApplyEyeMakeup_g01_c05,/train/ApplyEyeMakeup/v_ApplyEyeMakeup_g01_c05.avi,ApplyEyeMakeup
v_ApplyEyeMakeup_g17_c01,/train/ApplyEyeMakeup/v_ApplyEyeMakeup_g17_c01.avi,ApplyEyeMakeup
v_ApplyEyeMakeup_g06_c03,/train/ApplyEyeMakeup/v_ApplyEyeMakeup_g06_c03.avi,ApplyEyeMakeup
v_ApplyEyeMakeup_g10_c03,/train/ApplyEyeMakeup/v_ApplyEyeMakeup_g10_c03.avi,ApplyEyeMakeup
v_ApplyEyeMakeup_g18_c03,/train/ApplyEyeMakeup/v_ApplyEyeMakeup_g18_c03.avi,ApplyEyeMakeup
v_ApplyEyeMakeup_g12_c01,/train/ApplyEyeMakeup/v_ApplyEyeMakeup_g12_c01.avi,ApplyEyeMakeup
v_ApplyEyeMakeup_g04_c04,/train/ApplyEyeMakeup/v_ApplyEyeMakeup_g04_c04.avi,ApplyEyeMakeup
v_ApplyEyeMakeup_g20_c06,/train/ApplyEyeMakeup/v_ApplyEyeMakeup_g20_c06.avi,ApplyEyeMakeup
v_ApplyEyeMakeup_g12_c06,/train/ApplyEyeMakeup/v_ApplyEyeMakeup_g12_c06.avi,ApplyEyeMakeup
v_ApplyEyeMakeup_g04_c03,/train/ApplyEyeMakeup/v_ApplyEyeMakeup_g04_c03.avi,ApplyEyeMakeup
v_ApplyEyeMakeup_g13_c02,/train/ApplyEyeMakeup/v_ApplyEyeMakeup_g13_c02.avi,ApplyEyeMakeup
v_ApplyEyeMakeup_g11_c04,/train/ApplyEyeMakeup/v_ApplyEyeMakeup_g11_c04.avi,ApplyEyeMakeup
v_ApplyEyeMakeup_g05_c06,/train/ApplyEyeMakeup/v_ApplyEyeMakeup_g05_c06.avi,ApplyEyeMakeup
v_ApplyEyeMakeup_g12_c04,/train/ApplyEyeMakeup/v_ApplyEyeMakeup_g12_c04.avi,ApplyEyeMakeup
v_ApplyEyeMakeup_g16_c05,/train/ApplyEyeMakeup/v_ApplyEyeMakeup_g16_c05.avi,ApplyEyeMakeup
v_ApplyEyeMakeup_g25_c06,/train/ApplyEyeMakeup/v_ApplyEyeMakeup_g25_c06.avi,ApplyEyeMakeup
v_ApplyEyeMakeup_g03_c02,/train/ApplyEyeMakeup/v_ApplyEyeMakeup_g03_c02.avi,ApplyEyeMakeup
v_ApplyEyeMakeup_g07_c02,/train/ApplyEyeMakeup/v_ApplyEyeMakeup_g07_c02.avi,ApplyEyeMakeup
v_ApplyEyeMakeup_g13_c06,/train/ApplyEyeMakeup/v_ApplyEyeMakeup_g13_c06.avi,ApplyEyeMakeup
v_ApplyEyeMakeup_g25_c05,/train/ApplyEyeMakeup/v_ApplyEyeMakeup_g25_c05.avi,ApplyEyeMakeup
v_ApplyEyeMakeup_g14_c01,/train/ApplyEyeMakeup/v_ApplyEyeMakeup_g14_c01.avi,ApplyEyeMakeup
v_ApplyEyeMakeup_g07_c07,/train/ApplyEyeMakeup/v_ApplyEyeMakeup_g07_c07.avi,ApplyEyeMakeup
v_ApplyEyeMakeup_g23_c06,/train/ApplyEyeMakeup/v_ApplyEyeMakeup_g23_c06.avi,ApplyEyeMakeup
v_ApplyEyeMakeup_g19_c01,/train/ApplyEyeMakeup/v_ApplyEyeMakeup_g19_c01.avi,ApplyEyeMakeup
v_ApplyEyeMakeup_g04_c02,/train/ApplyEyeMakeup/v_ApplyEyeMakeup_g04_c02.avi,ApplyEyeMakeup
v_ApplyEyeMakeup_g08_c05,/train/ApplyEyeMakeup/v_ApplyEyeMakeup_g08_c05.avi,ApplyEyeMakeup
v_ApplyEyeMakeup_g05_c04,/train/ApplyEyeMakeup/v_ApplyEyeMakeup_g05_c04.avi,ApplyEyeMakeup
v_ApplyEyeMakeup_g22_c05,/train/ApplyEyeMakeup/v_ApplyEyeMakeup_g22_c05.avi,ApplyEyeMakeup
v_ApplyEyeMakeup_g06_c05,/train/ApplyEyeMakeup/v_ApplyEyeMakeup_g06_c05.avi,ApplyEyeMakeup
v_ApplyEyeMakeup_g13_c04,/train/ApplyEyeMakeup/v_ApplyEyeMakeup_g13_c04.avi,ApplyEyeMakeup
v_ApplyEyeMakeup_g15_c05,/train/ApplyEyeMakeup/v_ApplyEyeMakeup_g15_c05.avi,ApplyEyeMakeup
v_ApplyEyeMakeup_g11_c01,/train/ApplyEyeMakeup/v_ApplyEyeMakeup_g11_c01.avi,ApplyEyeMakeup
v_ApplyEyeMakeup_g20_c01,/train/ApplyEyeMakeup/v_ApplyEyeMakeup_g20_c01.avi,ApplyEyeMakeup
v_ApplyEyeMakeup_g15_c06,/train/ApplyEyeMakeup/v_ApplyEyeMakeup_g15_c06.avi,ApplyEyeMakeup
v_ApplyEyeMakeup_g07_c06,/train/ApplyEyeMakeup/v_ApplyEyeMakeup_g07_c06.avi,ApplyEyeMakeup
v_ApplyEyeMakeup_g19_c04,/train/ApplyEyeMakeup/v_ApplyEyeMakeup_g19_c04.avi,ApplyEyeMakeup
v_ApplyEyeMakeup_g20_c05,/train/ApplyEyeMakeup/v_ApplyEyeMakeup_g20_c05.avi,ApplyEyeMakeup
v_ApplyEyeMakeup_g09_c07,/train/ApplyEyeMakeup/v_ApplyEyeMakeup_g09_c07.avi,ApplyEyeMakeup
v_ApplyEyeMakeup_g01_c01,/train/ApplyEyeMakeup/v_ApplyEyeMakeup_g01_c01.avi,ApplyEyeMakeup
v_ApplyEyeMakeup_g03_c03,/train/ApplyEyeMakeup/v_ApplyEyeMakeup_g03_c03.avi,ApplyEyeMakeup
v_ApplyEyeMakeup_g17_c02,/train/ApplyEyeMakeup/v_ApplyEyeMakeup_g17_c02.avi,ApplyEyeMakeup
v_ApplyEyeMakeup_g09_c04,/train/ApplyEyeMakeup/v_ApplyEyeMakeup_g09_c04.avi,ApplyEyeMakeup
v_ApplyEyeMakeup_g23_c05,/train/ApplyEyeMakeup/v_ApplyEyeMakeup_g23_c05.avi,ApplyEyeMakeup
v_ApplyEyeMakeup_g11_c05,/train/ApplyEyeMakeup/v_ApplyEyeMakeup_g11_c05.avi,ApplyEyeMakeup
v_ApplyEyeMakeup_g24_c02,/train/ApplyEyeMakeup/v_ApplyEyeMakeup_g24_c02.avi,ApplyEyeMakeup
v_BaseballPitch_g06_c05,/train/BaseballPitch/v_BaseballPitch_g06_c05.avi,BaseballPitch
v_BaseballPitch_g04_c03,/train/BaseballPitch/v_BaseballPitch_g04_c03.avi,BaseballPitch
v_BaseballPitch_g05_c06,/train/BaseballPitch/v_BaseballPitch_g05_c06.avi,BaseballPitch
v_BaseballPitch_g23_c04,/train/BaseballPitch/v_BaseballPitch_g23_c04.avi,BaseballPitch
v_BaseballPitch_g23_c03,/train/BaseballPitch/v_BaseballPitch_g23_c03.avi,BaseballPitch
v_BaseballPitch_g17_c04,/train/BaseballPitch/v_BaseballPitch_g17_c04.avi,BaseballPitch
v_BaseballPitch_g02_c02,/train/BaseballPitch/v_BaseballPitch_g02_c02.avi,BaseballPitch
v_BaseballPitch_g04_c05,/train/BaseballPitch/v_BaseballPitch_g04_c05.avi,BaseballPitch
v_BaseballPitch_g02_c01,/train/BaseballPitch/v_BaseballPitch_g02_c01.avi,BaseballPitch
v_BaseballPitch_g22_c02,/train/BaseballPitch/v_BaseballPitch_g22_c02.avi,BaseballPitch
v_BaseballPitch_g22_c04,/train/BaseballPitch/v_BaseballPitch_g22_c04.avi,BaseballPitch
v_BaseballPitch_g17_c01,/train/BaseballPitch/v_BaseballPitch_g17_c01.avi,BaseballPitch
v_BaseballPitch_g21_c04,/train/BaseballPitch/v_BaseballPitch_g21_c04.avi,BaseballPitch
v_BaseballPitch_g03_c05,/train/BaseballPitch/v_BaseballPitch_g03_c05.avi,BaseballPitch
v_BaseballPitch_g15_c05,/train/BaseballPitch/v_BaseballPitch_g15_c05.avi,BaseballPitch
v_BaseballPitch_g05_c01,/train/BaseballPitch/v_BaseballPitch_g05_c01.avi,BaseballPitch
v_BaseballPitch_g01_c03,/train/BaseballPitch/v_BaseballPitch_g01_c03.avi,BaseballPitch
v_BaseballPitch_g03_c02,/train/BaseballPitch/v_BaseballPitch_g03_c02.avi,BaseballPitch
v_BaseballPitch_g09_c04,/train/BaseballPitch/v_BaseballPitch_g09_c04.avi,BaseballPitch
v_BaseballPitch_g12_c03,/train/BaseballPitch/v_BaseballPitch_g12_c03.avi,BaseballPitch
v_BaseballPitch_g23_c05,/train/BaseballPitch/v_BaseballPitch_g23_c05.avi,BaseballPitch
v_BaseballPitch_g20_c01,/train/BaseballPitch/v_BaseballPitch_g20_c01.avi,BaseballPitch
v_BaseballPitch_g11_c04,/train/BaseballPitch/v_BaseballPitch_g11_c04.avi,BaseballPitch
v_BaseballPitch_g23_c06,/train/BaseballPitch/v_BaseballPitch_g23_c06.avi,BaseballPitch
v_BaseballPitch_g02_c04,/train/BaseballPitch/v_BaseballPitch_g02_c04.avi,BaseballPitch
v_BaseballPitch_g15_c07,/train/BaseballPitch/v_BaseballPitch_g15_c07.avi,BaseballPitch
v_BaseballPitch_g19_c04,/train/BaseballPitch/v_BaseballPitch_g19_c04.avi,BaseballPitch
v_BaseballPitch_g13_c03,/train/BaseballPitch/v_BaseballPitch_g13_c03.avi,BaseballPitch
v_BaseballPitch_g06_c03,/train/BaseballPitch/v_BaseballPitch_g06_c03.avi,BaseballPitch
v_BaseballPitch_g25_c04,/train/BaseballPitch/v_BaseballPitch_g25_c04.avi,BaseballPitch
v_BaseballPitch_g05_c03,/train/BaseballPitch/v_BaseballPitch_g05_c03.avi,BaseballPitch
v_BaseballPitch_g10_c04,/train/BaseballPitch/v_BaseballPitch_g10_c04.avi,BaseballPitch
v_BaseballPitch_g04_c01,/train/BaseballPitch/v_BaseballPitch_g04_c01.avi,BaseballPitch
v_BaseballPitch_g25_c07,/train/BaseballPitch/v_BaseballPitch_g25_c07.avi,BaseballPitch
v_BaseballPitch_g13_c07,/train/BaseballPitch/v_BaseballPitch_g13_c07.avi,BaseballPitch
v_BaseballPitch_g22_c05,/train/BaseballPitch/v_BaseballPitch_g22_c05.avi,BaseballPitch
v_BaseballPitch_g08_c04,/train/BaseballPitch/v_BaseballPitch_g08_c04.avi,BaseballPitch
v_BaseballPitch_g09_c02,/train/BaseballPitch/v_BaseballPitch_g09_c02.avi,BaseballPitch
v_BaseballPitch_g08_c02,/train/BaseballPitch/v_BaseballPitch_g08_c02.avi,BaseballPitch
v_BaseballPitch_g23_c01,/train/BaseballPitch/v_BaseballPitch_g23_c01.avi,BaseballPitch
v_BaseballPitch_g11_c03,/train/BaseballPitch/v_BaseballPitch_g11_c03.avi,BaseballPitch
v_BaseballPitch_g07_c01,/train/BaseballPitch/v_BaseballPitch_g07_c01.avi,BaseballPitch
v_BaseballPitch_g13_c05,/train/BaseballPitch/v_BaseballPitch_g13_c05.avi,BaseballPitch
v_BaseballPitch_g21_c01,/train/BaseballPitch/v_BaseballPitch_g21_c01.avi,BaseballPitch
v_BaseballPitch_g03_c04,/train/BaseballPitch/v_BaseballPitch_g03_c04.avi,BaseballPitch
v_BaseballPitch_g19_c01,/train/BaseballPitch/v_BaseballPitch_g19_c01.avi,BaseballPitch
v_BaseballPitch_g10_c05,/train/BaseballPitch/v_BaseballPitch_g10_c05.avi,BaseballPitch
v_BaseballPitch_g08_c06,/train/BaseballPitch/v_BaseballPitch_g08_c06.avi,BaseballPitch
v_BaseballPitch_g05_c05,/train/BaseballPitch/v_BaseballPitch_g05_c05.avi,BaseballPitch
v_BaseballPitch_g07_c02,/train/BaseballPitch/v_BaseballPitch_g07_c02.avi,BaseballPitch
v_BaseballPitch_g22_c07,/train/BaseballPitch/v_BaseballPitch_g22_c07.avi,BaseballPitch
v_BaseballPitch_g03_c06,/train/BaseballPitch/v_BaseballPitch_g03_c06.avi,BaseballPitch
v_BaseballPitch_g16_c04,/train/BaseballPitch/v_BaseballPitch_g16_c04.avi,BaseballPitch
v_BaseballPitch_g18_c06,/train/BaseballPitch/v_BaseballPitch_g18_c06.avi,BaseballPitch
v_BaseballPitch_g25_c01,/train/BaseballPitch/v_BaseballPitch_g25_c01.avi,BaseballPitch
v_BaseballPitch_g04_c04,/train/BaseballPitch/v_BaseballPitch_g04_c04.avi,BaseballPitch
v_BaseballPitch_g14_c04,/train/BaseballPitch/v_BaseballPitch_g14_c04.avi,BaseballPitch
v_BaseballPitch_g15_c04,/train/BaseballPitch/v_BaseballPitch_g15_c04.avi,BaseballPitch
v_BaseballPitch_g13_c02,/train/BaseballPitch/v_BaseballPitch_g13_c02.avi,BaseballPitch
v_BaseballPitch_g10_c01,/train/BaseballPitch/v_BaseballPitch_g10_c01.avi,BaseballPitch
v_BaseballPitch_g16_c03,/train/BaseballPitch/v_BaseballPitch_g16_c03.avi,BaseballPitch
v_BaseballPitch_g24_c07,/train/BaseballPitch/v_BaseballPitch_g24_c07.avi,BaseballPitch
v_BaseballPitch_g08_c05,/train/BaseballPitch/v_BaseballPitch_g08_c05.avi,BaseballPitch
v_BaseballPitch_g05_c04,/train/BaseballPitch/v_BaseballPitch_g05_c04.avi,BaseballPitch
v_BaseballPitch_g22_c01,/train/BaseballPitch/v_BaseballPitch_g22_c01.avi,BaseballPitch
v_BaseballPitch_g18_c01,/train/BaseballPitch/v_BaseballPitch_g18_c01.avi,BaseballPitch
v_BaseballPitch_g15_c06,/train/BaseballPitch/v_BaseballPitch_g15_c06.avi,BaseballPitch
v_BaseballPitch_g23_c02,/train/BaseballPitch/v_BaseballPitch_g23_c02.avi,BaseballPitch
v_BaseballPitch_g01_c05,/train/BaseballPitch/v_BaseballPitch_g01_c05.avi,BaseballPitch
v_BaseballPitch_g06_c06,/train/BaseballPitch/v_BaseballPitch_g06_c06.avi,BaseballPitch
v_BaseballPitch_g07_c07,/train/BaseballPitch/v_BaseballPitch_g07_c07.avi,BaseballPitch
v_BaseballPitch_g11_c05,/train/BaseballPitch/v_BaseballPitch_g11_c05.avi,BaseballPitch
v_BaseballPitch_g09_c06,/train/BaseballPitch/v_BaseballPitch_g09_c06.avi,BaseballPitch
v_BaseballPitch_g05_c02,/train/BaseballPitch/v_BaseballPitch_g05_c02.avi,BaseballPitch
v_BaseballPitch_g08_c07,/train/BaseballPitch/v_BaseballPitch_g08_c07.avi,BaseballPitch
v_BaseballPitch_g11_c02,/train/BaseballPitch/v_BaseballPitch_g11_c02.avi,BaseballPitch
v_BaseballPitch_g17_c06,/train/BaseballPitch/v_BaseballPitch_g17_c06.avi,BaseballPitch
v_BaseballPitch_g11_c01,/train/BaseballPitch/v_BaseballPitch_g11_c01.avi,BaseballPitch
v_BaseballPitch_g12_c04,/train/BaseballPitch/v_BaseballPitch_g12_c04.avi,BaseballPitch
v_BaseballPitch_g03_c07,/train/BaseballPitch/v_BaseballPitch_g03_c07.avi,BaseballPitch
v_BaseballPitch_g18_c05,/train/BaseballPitch/v_BaseballPitch_g18_c05.avi,BaseballPitch
v_BaseballPitch_g24_c04,/train/BaseballPitch/v_BaseballPitch_g24_c04.avi,BaseballPitch
v_BaseballPitch_g09_c07,/train/BaseballPitch/v_BaseballPitch_g09_c07.avi,BaseballPitch
v_BaseballPitch_g06_c07,/train/BaseballPitch/v_BaseballPitch_g06_c07.avi,BaseballPitch
v_BaseballPitch_g13_c01,/train/BaseballPitch/v_BaseballPitch_g13_c01.avi,BaseballPitch
v_BaseballPitch_g18_c02,/train/BaseballPitch/v_BaseballPitch_g18_c02.avi,BaseballPitch
v_BaseballPitch_g24_c06,/train/BaseballPitch/v_BaseballPitch_g24_c06.avi,BaseballPitch
v_BaseballPitch_g03_c01,/train/BaseballPitch/v_BaseballPitch_g03_c01.avi,BaseballPitch
v_BaseballPitch_g06_c04,/train/BaseballPitch/v_BaseballPitch_g06_c04.avi,BaseballPitch
v_BaseballPitch_g09_c03,/train/BaseballPitch/v_BaseballPitch_g09_c03.avi,BaseballPitch
v_BaseballPitch_g06_c02,/train/BaseballPitch/v_BaseballPitch_g06_c02.avi,BaseballPitch
v_BaseballPitch_g07_c06,/train/BaseballPitch/v_BaseballPitch_g07_c06.avi,BaseballPitch
v_BaseballPitch_g18_c07,/train/BaseballPitch/v_BaseballPitch_g18_c07.avi,BaseballPitch
v_BaseballPitch_g14_c02,/train/BaseballPitch/v_BaseballPitch_g14_c02.avi,BaseballPitch
v_BaseballPitch_g24_c05,/train/BaseballPitch/v_BaseballPitch_g24_c05.avi,BaseballPitch
v_BaseballPitch_g04_c02,/train/BaseballPitch/v_BaseballPitch_g04_c02.avi,BaseballPitch
v_BaseballPitch_g17_c07,/train/BaseballPitch/v_BaseballPitch_g17_c07.avi,BaseballPitch
v_BaseballPitch_g25_c05,/train/BaseballPitch/v_BaseballPitch_g25_c05.avi,BaseballPitch
v_BaseballPitch_g09_c05,/train/BaseballPitch/v_BaseballPitch_g09_c05.avi,BaseballPitch
v_BaseballPitch_g07_c05,/train/BaseballPitch/v_BaseballPitch_g07_c05.avi,BaseballPitch
v_BaseballPitch_g25_c06,/train/BaseballPitch/v_BaseballPitch_g25_c06.avi,BaseballPitch
v_BaseballPitch_g19_c03,/train/BaseballPitch/v_BaseballPitch_g19_c03.avi,BaseballPitch
v_BaseballPitch_g20_c03,/train/BaseballPitch/v_BaseballPitch_g20_c03.avi,BaseballPitch
v_BaseballPitch_g13_c06,/train/BaseballPitch/v_BaseballPitch_g13_c06.avi,BaseballPitch
v_BaseballPitch_g08_c03,/train/BaseballPitch/v_BaseballPitch_g08_c03.avi,BaseballPitch
v_BaseballPitch_g01_c02,/train/BaseballPitch/v_BaseballPitch_g01_c02.avi,BaseballPitch
v_BaseballPitch_g12_c02,/train/BaseballPitch/v_BaseballPitch_g12_c02.avi,BaseballPitch
v_BaseballPitch_g01_c04,/train/BaseballPitch/v_BaseballPitch_g01_c04.avi,BaseballPitch
v_BaseballPitch_g19_c02,/train/BaseballPitch/v_BaseballPitch_g19_c02.avi,BaseballPitch
v_BaseballPitch_g09_c01,/train/BaseballPitch/v_BaseballPitch_g09_c01.avi,BaseballPitch
v_BaseballPitch_g08_c01,/train/BaseballPitch/v_BaseballPitch_g08_c01.avi,BaseballPitch
v_BaseballPitch_g24_c03,/train/BaseballPitch/v_BaseballPitch_g24_c03.avi,BaseballPitch
v_BandMarching_g24_c06,/train/BandMarching/v_BandMarching_g24_c06.avi,BandMarching
v_BandMarching_g08_c04,/train/BandMarching/v_BandMarching_g08_c04.avi,BandMarching
v_BandMarching_g24_c05,/train/BandMarching/v_BandMarching_g24_c05.avi,BandMarching
v_BandMarching_g10_c06,/train/BandMarching/v_BandMarching_g10_c06.avi,BandMarching
v_BandMarching_g03_c02,/train/BandMarching/v_BandMarching_g03_c02.avi,BandMarching
v_BandMarching_g05_c03,/train/BandMarching/v_BandMarching_g05_c03.avi,BandMarching
v_BandMarching_g02_c06,/train/BandMarching/v_BandMarching_g02_c06.avi,BandMarching
v_BandMarching_g16_c03,/train/BandMarching/v_BandMarching_g16_c03.avi,BandMarching
v_BandMarching_g21_c04,/train/BandMarching/v_BandMarching_g21_c04.avi,BandMarching
v_BandMarching_g18_c06,/train/BandMarching/v_BandMarching_g18_c06.avi,BandMarching
v_BandMarching_g13_c04,/train/BandMarching/v_BandMarching_g13_c04.avi,BandMarching
v_BandMarching_g09_c04,/train/BandMarching/v_BandMarching_g09_c04.avi,BandMarching
v_BandMarching_g07_c01,/train/BandMarching/v_BandMarching_g07_c01.avi,BandMarching
v_BandMarching_g20_c06,/train/BandMarching/v_BandMarching_g20_c06.avi,BandMarching
v_BandMarching_g04_c02,/train/BandMarching/v_BandMarching_g04_c02.avi,BandMarching
v_BandMarching_g18_c05,/train/BandMarching/v_BandMarching_g18_c05.avi,BandMarching
v_BandMarching_g09_c01,/train/BandMarching/v_BandMarching_g09_c01.avi,BandMarching
v_BandMarching_g21_c06,/train/BandMarching/v_BandMarching_g21_c06.avi,BandMarching
v_BandMarching_g08_c05,/train/BandMarching/v_BandMarching_g08_c05.avi,BandMarching
v_BandMarching_g16_c07,/train/BandMarching/v_BandMarching_g16_c07.avi,BandMarching
v_BandMarching_g10_c02,/train/BandMarching/v_BandMarching_g10_c02.avi,BandMarching
v_BandMarching_g05_c06,/train/BandMarching/v_BandMarching_g05_c06.avi,BandMarching
v_BandMarching_g18_c01,/train/BandMarching/v_BandMarching_g18_c01.avi,BandMarching
v_BandMarching_g21_c01,/train/BandMarching/v_BandMarching_g21_c01.avi,BandMarching
v_BandMarching_g01_c07,/train/BandMarching/v_BandMarching_g01_c07.avi,BandMarching
v_BandMarching_g15_c02,/train/BandMarching/v_BandMarching_g15_c02.avi,BandMarching
v_BandMarching_g23_c04,/train/BandMarching/v_BandMarching_g23_c04.avi,BandMarching
v_BandMarching_g24_c04,/train/BandMarching/v_BandMarching_g24_c04.avi,BandMarching
v_BandMarching_g06_c04,/train/BandMarching/v_BandMarching_g06_c04.avi,BandMarching
v_BandMarching_g07_c03,/train/BandMarching/v_BandMarching_g07_c03.avi,BandMarching
v_BandMarching_g19_c01,/train/BandMarching/v_BandMarching_g19_c01.avi,BandMarching
v_BandMarching_g19_c04,/train/BandMarching/v_BandMarching_g19_c04.avi,BandMarching
v_BandMarching_g18_c04,/train/BandMarching/v_BandMarching_g18_c04.avi,BandMarching
v_BandMarching_g11_c01,/train/BandMarching/v_BandMarching_g11_c01.avi,BandMarching
v_BandMarching_g25_c06,/train/BandMarching/v_BandMarching_g25_c06.avi,BandMarching
v_BandMarching_g16_c05,/train/BandMarching/v_BandMarching_g16_c05.avi,BandMarching
v_BandMarching_g18_c02,/train/BandMarching/v_BandMarching_g18_c02.avi,BandMarching
v_BandMarching_g17_c03,/train/BandMarching/v_BandMarching_g17_c03.avi,BandMarching
v_BandMarching_g24_c02,/train/BandMarching/v_BandMarching_g24_c02.avi,BandMarching
v_BandMarching_g17_c02,/train/BandMarching/v_BandMarching_g17_c02.avi,BandMarching
v_BandMarching_g22_c05,/train/BandMarching/v_BandMarching_g22_c05.avi,BandMarching
v_BandMarching_g06_c03,/train/BandMarching/v_BandMarching_g06_c03.avi,BandMarching
v_BandMarching_g03_c06,/train/BandMarching/v_BandMarching_g03_c06.avi,BandMarching
v_BandMarching_g01_c04,/train/BandMarching/v_BandMarching_g01_c04.avi,BandMarching
v_BandMarching_g10_c03,/train/BandMarching/v_BandMarching_g10_c03.avi,BandMarching
v_BandMarching_g07_c06,/train/BandMarching/v_BandMarching_g07_c06.avi,BandMarching
v_BandMarching_g09_c02,/train/BandMarching/v_BandMarching_g09_c02.avi,BandMarching
v_BandMarching_g23_c02,/train/BandMarching/v_BandMarching_g23_c02.avi,BandMarching
v_BandMarching_g23_c01,/train/BandMarching/v_BandMarching_g23_c01.avi,BandMarching
v_BandMarching_g19_c06,/train/BandMarching/v_BandMarching_g19_c06.avi,BandMarching
v_BandMarching_g04_c04,/train/BandMarching/v_BandMarching_g04_c04.avi,BandMarching
v_BandMarching_g08_c02,/train/BandMarching/v_BandMarching_g08_c02.avi,BandMarching
v_BandMarching_g02_c04,/train/BandMarching/v_BandMarching_g02_c04.avi,BandMarching
v_BandMarching_g09_c05,/train/BandMarching/v_BandMarching_g09_c05.avi,BandMarching
v_BandMarching_g15_c06,/train/BandMarching/v_BandMarching_g15_c06.avi,BandMarching
v_BandMarching_g25_c02,/train/BandMarching/v_BandMarching_g25_c02.avi,BandMarching
v_BandMarching_g11_c05,/train/BandMarching/v_BandMarching_g11_c05.avi,BandMarching
v_BandMarching_g15_c07,/train/BandMarching/v_BandMarching_g15_c07.avi,BandMarching
v_BandMarching_g03_c07,/train/BandMarching/v_BandMarching_g03_c07.avi,BandMarching
v_BandMarching_g18_c03,/train/BandMarching/v_BandMarching_g18_c03.avi,BandMarching
v_BandMarching_g19_c02,/train/BandMarching/v_BandMarching_g19_c02.avi,BandMarching
v_BandMarching_g06_c02,/train/BandMarching/v_BandMarching_g06_c02.avi,BandMarching
v_BandMarching_g03_c03,/train/BandMarching/v_BandMarching_g03_c03.avi,BandMarching
v_BandMarching_g23_c03,/train/BandMarching/v_BandMarching_g23_c03.avi,BandMarching
v_BandMarching_g12_c05,/train/BandMarching/v_BandMarching_g12_c05.avi,BandMarching
v_BandMarching_g03_c04,/train/BandMarching/v_BandMarching_g03_c04.avi,BandMarching
v_BandMarching_g09_c03,/train/BandMarching/v_BandMarching_g09_c03.avi,BandMarching
v_BandMarching_g13_c02,/train/BandMarching/v_BandMarching_g13_c02.avi,BandMarching
v_BandMarching_g13_c05,/train/BandMarching/v_BandMarching_g13_c05.avi,BandMarching
v_BandMarching_g11_c03,/train/BandMarching/v_BandMarching_g11_c03.avi,BandMarching
v_BandMarching_g07_c07,/train/BandMarching/v_BandMarching_g07_c07.avi,BandMarching
v_BandMarching_g16_c06,/train/BandMarching/v_BandMarching_g16_c06.avi,BandMarching
v_BandMarching_g12_c04,/train/BandMarching/v_BandMarching_g12_c04.avi,BandMarching
v_BandMarching_g12_c06,/train/BandMarching/v_BandMarching_g12_c06.avi,BandMarching
v_BandMarching_g08_c07,/train/BandMarching/v_BandMarching_g08_c07.avi,BandMarching
v_BandMarching_g23_c06,/train/BandMarching/v_BandMarching_g23_c06.avi,BandMarching
v_BandMarching_g04_c01,/train/BandMarching/v_BandMarching_g04_c01.avi,BandMarching
v_BandMarching_g10_c01,/train/BandMarching/v_BandMarching_g10_c01.avi,BandMarching
v_BandMarching_g20_c03,/train/BandMarching/v_BandMarching_g20_c03.avi,BandMarching
v_BandMarching_g24_c01,/train/BandMarching/v_BandMarching_g24_c01.avi,BandMarching
v_BandMarching_g11_c06,/train/BandMarching/v_BandMarching_g11_c06.avi,BandMarching
v_BandMarching_g21_c03,/train/BandMarching/v_BandMarching_g21_c03.avi,BandMarching
v_BandMarching_g19_c05,/train/BandMarching/v_BandMarching_g19_c05.avi,BandMarching
v_BandMarching_g14_c05,/train/BandMarching/v_BandMarching_g14_c05.avi,BandMarching
v_BandMarching_g16_c01,/train/BandMarching/v_BandMarching_g16_c01.avi,BandMarching
v_BandMarching_g21_c02,/train/BandMarching/v_BandMarching_g21_c02.avi,BandMarching
v_BandMarching_g03_c01,/train/BandMarching/v_BandMarching_g03_c01.avi,BandMarching
v_BandMarching_g04_c03,/train/BandMarching/v_BandMarching_g04_c03.avi,BandMarching
v_BandMarching_g17_c01,/train/BandMarching/v_BandMarching_g17_c01.avi,BandMarching
v_BandMarching_g20_c04,/train/BandMarching/v_BandMarching_g20_c04.avi,BandMarching
v_BandMarching_g11_c07,/train/BandMarching/v_BandMarching_g11_c07.avi,BandMarching
v_BandMarching_g25_c05,/train/BandMarching/v_BandMarching_g25_c05.avi,BandMarching
v_BandMarching_g16_c04,/train/BandMarching/v_BandMarching_g16_c04.avi,BandMarching
v_BandMarching_g14_c04,/train/BandMarching/v_BandMarching_g14_c04.avi,BandMarching
v_BandMarching_g02_c02,/train/BandMarching/v_BandMarching_g02_c02.avi,BandMarching
v_BandMarching_g19_c03,/train/BandMarching/v_BandMarching_g19_c03.avi,BandMarching
v_BandMarching_g07_c02,/train/BandMarching/v_BandMarching_g07_c02.avi,BandMarching
v_BandMarching_g22_c03,/train/BandMarching/v_BandMarching_g22_c03.avi,BandMarching
v_BandMarching_g07_c05,/train/BandMarching/v_BandMarching_g07_c05.avi,BandMarching
v_BandMarching_g15_c01,/train/BandMarching/v_BandMarching_g15_c01.avi,BandMarching
v_BandMarching_g21_c05,/train/BandMarching/v_BandMarching_g21_c05.avi,BandMarching
v_BandMarching_g16_c02,/train/BandMarching/v_BandMarching_g16_c02.avi,BandMarching
v_BandMarching_g13_c03,/train/BandMarching/v_BandMarching_g13_c03.avi,BandMarching
v_BandMarching_g03_c05,/train/BandMarching/v_BandMarching_g03_c05.avi,BandMarching
v_BandMarching_g06_c01,/train/BandMarching/v_BandMarching_g06_c01.avi,BandMarching
v_BandMarching_g01_c02,/train/BandMarching/v_BandMarching_g01_c02.avi,BandMarching
v_BandMarching_g08_c06,/train/BandMarching/v_BandMarching_g08_c06.avi,BandMarching
v_BandMarching_g25_c01,/train/BandMarching/v_BandMarching_g25_c01.avi,BandMarching
v_BandMarching_g20_c05,/train/BandMarching/v_BandMarching_g20_c05.avi,BandMarching
v_BandMarching_g08_c03,/train/BandMarching/v_BandMarching_g08_c03.avi,BandMarching
v_BandMarching_g05_c05,/train/BandMarching/v_BandMarching_g05_c05.avi,BandMarching
v_BandMarching_g10_c07,/train/BandMarching/v_BandMarching_g10_c07.avi,BandMarching
v_BandMarching_g25_c03,/train/BandMarching/v_BandMarching_g25_c03.avi,BandMarching
v_BandMarching_g24_c03,/train/BandMarching/v_BandMarching_g24_c03.avi,BandMarching
v_BandMarching_g01_c05,/train/BandMarching/v_BandMarching_g01_c05.avi,BandMarching
v_BandMarching_g20_c02,/train/BandMarching/v_BandMarching_g20_c02.avi,BandMarching
v_BasketballDunk_g05_c04,/train/BasketballDunk/v_BasketballDunk_g05_c04.avi,BasketballDunk
v_BasketballDunk_g03_c04,/train/BasketballDunk/v_BasketballDunk_g03_c04.avi,BasketballDunk
v_BasketballDunk_g02_c04,/train/BasketballDunk/v_BasketballDunk_g02_c04.avi,BasketballDunk
v_BasketballDunk_g25_c03,/train/BasketballDunk/v_BasketballDunk_g25_c03.avi,BasketballDunk
v_BasketballDunk_g05_c02,/train/BasketballDunk/v_BasketballDunk_g05_c02.avi,BasketballDunk
v_BasketballDunk_g10_c01,/train/BasketballDunk/v_BasketballDunk_g10_c01.avi,BasketballDunk
v_BasketballDunk_g10_c02,/train/BasketballDunk/v_BasketballDunk_g10_c02.avi,BasketballDunk
v_BasketballDunk_g11_c02,/train/BasketballDunk/v_BasketballDunk_g11_c02.avi,BasketballDunk
v_BasketballDunk_g23_c04,/train/BasketballDunk/v_BasketballDunk_g23_c04.avi,BasketballDunk
v_BasketballDunk_g14_c03,/train/BasketballDunk/v_BasketballDunk_g14_c03.avi,BasketballDunk
v_BasketballDunk_g24_c04,/train/BasketballDunk/v_BasketballDunk_g24_c04.avi,BasketballDunk
v_BasketballDunk_g07_c06,/train/BasketballDunk/v_BasketballDunk_g07_c06.avi,BasketballDunk
v_BasketballDunk_g20_c02,/train/BasketballDunk/v_BasketballDunk_g20_c02.avi,BasketballDunk
v_BasketballDunk_g08_c03,/train/BasketballDunk/v_BasketballDunk_g08_c03.avi,BasketballDunk
v_BasketballDunk_g16_c06,/train/BasketballDunk/v_BasketballDunk_g16_c06.avi,BasketballDunk
v_BasketballDunk_g01_c01,/train/BasketballDunk/v_BasketballDunk_g01_c01.avi,BasketballDunk
v_BasketballDunk_g14_c06,/train/BasketballDunk/v_BasketballDunk_g14_c06.avi,BasketballDunk
v_BasketballDunk_g07_c01,/train/BasketballDunk/v_BasketballDunk_g07_c01.avi,BasketballDunk
v_BasketballDunk_g06_c02,/train/BasketballDunk/v_BasketballDunk_g06_c02.avi,BasketballDunk
v_BasketballDunk_g23_c05,/train/BasketballDunk/v_BasketballDunk_g23_c05.avi,BasketballDunk
v_BasketballDunk_g16_c03,/train/BasketballDunk/v_BasketballDunk_g16_c03.avi,BasketballDunk
v_BasketballDunk_g15_c01,/train/BasketballDunk/v_BasketballDunk_g15_c01.avi,BasketballDunk
v_BasketballDunk_g11_c03,/train/BasketballDunk/v_BasketballDunk_g11_c03.avi,BasketballDunk
v_BasketballDunk_g15_c04,/train/BasketballDunk/v_BasketballDunk_g15_c04.avi,BasketballDunk
v_BasketballDunk_g13_c01,/train/BasketballDunk/v_BasketballDunk_g13_c01.avi,BasketballDunk
v_BasketballDunk_g07_c03,/train/BasketballDunk/v_BasketballDunk_g07_c03.avi,BasketballDunk
v_BasketballDunk_g17_c07,/train/BasketballDunk/v_BasketballDunk_g17_c07.avi,BasketballDunk
v_BasketballDunk_g22_c02,/train/BasketballDunk/v_BasketballDunk_g22_c02.avi,BasketballDunk
v_BasketballDunk_g08_c05,/train/BasketballDunk/v_BasketballDunk_g08_c05.avi,BasketballDunk
v_BasketballDunk_g22_c03,/train/BasketballDunk/v_BasketballDunk_g22_c03.avi,BasketballDunk
v_BasketballDunk_g20_c06,/train/BasketballDunk/v_BasketballDunk_g20_c06.avi,BasketballDunk
v_BasketballDunk_g16_c02,/train/BasketballDunk/v_BasketballDunk_g16_c02.avi,BasketballDunk
v_BasketballDunk_g12_c01,/train/BasketballDunk/v_BasketballDunk_g12_c01.avi,BasketballDunk
v_BasketballDunk_g08_c02,/train/BasketballDunk/v_BasketballDunk_g08_c02.avi,BasketballDunk
v_BasketballDunk_g06_c01,/train/BasketballDunk/v_BasketballDunk_g06_c01.avi,BasketballDunk
v_BasketballDunk_g11_c01,/train/BasketballDunk/v_BasketballDunk_g11_c01.avi,BasketballDunk
v_BasketballDunk_g04_c04,/train/BasketballDunk/v_BasketballDunk_g04_c04.avi,BasketballDunk
v_BasketballDunk_g17_c06,/train/BasketballDunk/v_BasketballDunk_g17_c06.avi,BasketballDunk
v_BasketballDunk_g14_c04,/train/BasketballDunk/v_BasketballDunk_g14_c04.avi,BasketballDunk
v_BasketballDunk_g09_c04,/train/BasketballDunk/v_BasketballDunk_g09_c04.avi,BasketballDunk
v_BasketballDunk_g20_c04,/train/BasketballDunk/v_BasketballDunk_g20_c04.avi,BasketballDunk
v_BasketballDunk_g14_c02,/train/BasketballDunk/v_BasketballDunk_g14_c02.avi,BasketballDunk
v_BasketballDunk_g08_c01,/train/BasketballDunk/v_BasketballDunk_g08_c01.avi,BasketballDunk
v_BasketballDunk_g12_c05,/train/BasketballDunk/v_BasketballDunk_g12_c05.avi,BasketballDunk
v_BasketballDunk_g21_c04,/train/BasketballDunk/v_BasketballDunk_g21_c04.avi,BasketballDunk
v_BasketballDunk_g21_c02,/train/BasketballDunk/v_BasketballDunk_g21_c02.avi,BasketballDunk
v_BasketballDunk_g14_c07,/train/BasketballDunk/v_BasketballDunk_g14_c07.avi,BasketballDunk
v_BasketballDunk_g15_c05,/train/BasketballDunk/v_BasketballDunk_g15_c05.avi,BasketballDunk
v_BasketballDunk_g18_c04,/train/BasketballDunk/v_BasketballDunk_g18_c04.avi,BasketballDunk
v_BasketballDunk_g17_c03,/train/BasketballDunk/v_BasketballDunk_g17_c03.avi,BasketballDunk
v_BasketballDunk_g02_c03,/train/BasketballDunk/v_BasketballDunk_g02_c03.avi,BasketballDunk
v_BasketballDunk_g21_c03,/train/BasketballDunk/v_BasketballDunk_g21_c03.avi,BasketballDunk
v_BasketballDunk_g01_c03,/train/BasketballDunk/v_BasketballDunk_g01_c03.avi,BasketballDunk
v_BasketballDunk_g09_c03,/train/BasketballDunk/v_BasketballDunk_g09_c03.avi,BasketballDunk
v_BasketballDunk_g03_c05,/train/BasketballDunk/v_BasketballDunk_g03_c05.avi,BasketballDunk
v_BasketballDunk_g03_c02,/train/BasketballDunk/v_BasketballDunk_g03_c02.avi,BasketballDunk
v_BasketballDunk_g16_c01,/train/BasketballDunk/v_BasketballDunk_g16_c01.avi,BasketballDunk
v_BasketballDunk_g04_c03,/train/BasketballDunk/v_BasketballDunk_g04_c03.avi,BasketballDunk
v_BasketballDunk_g22_c01,/train/BasketballDunk/v_BasketballDunk_g22_c01.avi,BasketballDunk
v_BasketballDunk_g05_c05,/train/BasketballDunk/v_BasketballDunk_g05_c05.avi,BasketballDunk
v_BasketballDunk_g07_c05,/train/BasketballDunk/v_BasketballDunk_g07_c05.avi,BasketballDunk
v_BasketballDunk_g11_c05,/train/BasketballDunk/v_BasketballDunk_g11_c05.avi,BasketballDunk
v_BasketballDunk_g03_c06,/train/BasketballDunk/v_BasketballDunk_g03_c06.avi,BasketballDunk
v_BasketballDunk_g01_c07,/train/BasketballDunk/v_BasketballDunk_g01_c07.avi,BasketballDunk
v_BasketballDunk_g19_c04,/train/BasketballDunk/v_BasketballDunk_g19_c04.avi,BasketballDunk
v_BasketballDunk_g14_c05,/train/BasketballDunk/v_BasketballDunk_g14_c05.avi,BasketballDunk
v_BasketballDunk_g19_c02,/train/BasketballDunk/v_BasketballDunk_g19_c02.avi,BasketballDunk
v_BasketballDunk_g17_c02,/train/BasketballDunk/v_BasketballDunk_g17_c02.avi,BasketballDunk
v_BasketballDunk_g23_c03,/train/BasketballDunk/v_BasketballDunk_g23_c03.avi,BasketballDunk
v_BasketballDunk_g15_c03,/train/BasketballDunk/v_BasketballDunk_g15_c03.avi,BasketballDunk
v_BasketballDunk_g25_c02,/train/BasketballDunk/v_BasketballDunk_g25_c02.avi,BasketballDunk
v_BasketballDunk_g04_c01,/train/BasketballDunk/v_BasketballDunk_g04_c01.avi,BasketballDunk
v_BasketballDunk_g09_c02,/train/BasketballDunk/v_BasketballDunk_g09_c02.avi,BasketballDunk
v_BasketballDunk_g18_c01,/train/BasketballDunk/v_BasketballDunk_g18_c01.avi,BasketballDunk
v_BasketballDunk_g09_c05,/train/BasketballDunk/v_BasketballDunk_g09_c05.avi,BasketballDunk
v_BasketballDunk_g10_c05,/train/BasketballDunk/v_BasketballDunk_g10_c05.avi,BasketballDunk
v_BasketballDunk_g12_c02,/train/BasketballDunk/v_BasketballDunk_g12_c02.avi,BasketballDunk
v_BasketballDunk_g07_c02,/train/BasketballDunk/v_BasketballDunk_g07_c02.avi,BasketballDunk
v_BasketballDunk_g13_c04,/train/BasketballDunk/v_BasketballDunk_g13_c04.avi,BasketballDunk
v_BasketballDunk_g03_c03,/train/BasketballDunk/v_BasketballDunk_g03_c03.avi,BasketballDunk
v_BasketballDunk_g19_c01,/train/BasketballDunk/v_BasketballDunk_g19_c01.avi,BasketballDunk
v_BasketballDunk_g12_c04,/train/BasketballDunk/v_BasketballDunk_g12_c04.avi,BasketballDunk
v_BasketballDunk_g01_c06,/train/BasketballDunk/v_BasketballDunk_g01_c06.avi,BasketballDunk
v_BasketballDunk_g03_c01,/train/BasketballDunk/v_BasketballDunk_g03_c01.avi,BasketballDunk
v_BasketballDunk_g20_c05,/train/BasketballDunk/v_BasketballDunk_g20_c05.avi,BasketballDunk
v_BasketballDunk_g20_c01,/train/BasketballDunk/v_BasketballDunk_g20_c01.avi,BasketballDunk
v_BasketballDunk_g15_c02,/train/BasketballDunk/v_BasketballDunk_g15_c02.avi,BasketballDunk
v_BasketballDunk_g18_c03,/train/BasketballDunk/v_BasketballDunk_g18_c03.avi,BasketballDunk
v_BasketballDunk_g06_c03,/train/BasketballDunk/v_BasketballDunk_g06_c03.avi,BasketballDunk
v_BasketballDunk_g22_c04,/train/BasketballDunk/v_BasketballDunk_g22_c04.avi,BasketballDunk
v_BasketballDunk_g14_c01,/train/BasketballDunk/v_BasketballDunk_g14_c01.avi,BasketballDunk
v_BasketballDunk_g20_c03,/train/BasketballDunk/v_BasketballDunk_g20_c03.avi,BasketballDunk
v_BasketballDunk_g16_c05,/train/BasketballDunk/v_BasketballDunk_g16_c05.avi,BasketballDunk
v_BasketballDunk_g06_c04,/train/BasketballDunk/v_BasketballDunk_g06_c04.avi,BasketballDunk
v_BasketballDunk_g15_c06,/train/BasketballDunk/v_BasketballDunk_g15_c06.avi,BasketballDunk
v_BasketballDunk_g17_c01,/train/BasketballDunk/v_BasketballDunk_g17_c01.avi,BasketballDunk
v_BasketballDunk_g24_c05,/train/BasketballDunk/v_BasketballDunk_g24_c05.avi,BasketballDunk
v_BasketballDunk_g24_c01,/train/BasketballDunk/v_BasketballDunk_g24_c01.avi,BasketballDunk
